Al,Sb,As,Ba,Be,Cd,Ca,Cr,Cr,Co,Cu,Fe,Pb,Mg,Mn,Hg,Mo,Ni,NITRITE_NITRATE_UG_G_DRY,N,P,K,Se,Ag,Na,Na,Sr,S,Tl,Ti,U,V,Zn
17350,0.2,3.6,44.0,0.6,0.43,9500.0,0.5,18.0,4.8,11.0,19780,29,4390,505,0.08,0.05,9.5,10.0,700000.0,0.54,1197,0.4,0.1,0.027,118,16,26000.0,0.5,2970,0.8,36,76
17520,0.2,5.2,53.9,0.5,0.56,11730.0,0.5,23.0,5.8,14.0,21900,26,4710,637,0.1,0.2,11.5,10.0,450000.0,0.53,1251,2.8,0.08,0.146,99,17,24000.0,0.5,3170,1.4,40,82
19000,0.3,5.6,55.6,0.6,0.56,13270.0,0.5,23.0,5.9,13.0,24200,28,6460,619,0.1,0.15,12.0,10.0,430000.0,0.6,1246,2.8,0.08,0.161,94,16,23000.0,0.5,3080,1.5,39,85
13790,0.18,5.4,30.5,0.1,0.18,32000.0,0.5,12.0,1.1,21.0,20200,15,8680,374,0.06,0.19,6.9,5.0,180000.0,0.69,1935,0.3,0.22,0.294,85,33,30000.0,1.0,2380,1.5,18,38
15800,0.2,7.0,40.3,0.5,0.19,32500.0,0.5,19.0,6.0,25.0,22200,17,10370,479,0.06,0.05,11.3,5.0,180000.0,0.75,2540,1.0,0.08,0.373,174,35,28000.0,0.5,2630,1.4,28,42
14410,0.18,6.8,38.4,0.5,0.22,33900.0,0.5,17.0,5.7,24.0,20900,17,10550,456,0.06,0.05,10.8,5.0,190000.0,0.74,2270,1.2,0.08,0.355,172,37,23000.0,0.5,2590,1.4,26,41
12350,0.4,9.0,53.8,0.1,0.18,3480.0,0.5,13.0,2.1,0.1,16930,13,2780,560,0.08,0.4,5.5,10.0,420000.0,0.97,1402,0.6,0.09,0.415,166,12,47000.0,1.3,2150,2.0,33,48
22300,0.18,10.9,75.2,1.1,0.42,21300.0,0.5,22.0,10.8,39.0,35700,33,10600,1002,0.08,0.05,20.4,10.0,420000.0,0.95,6880,0.4,0.18,0.354,182,26,49000.0,0.5,3470,1.9,36,85
21800,0.15,8.0,71.9,1.0,0.39,22300.0,0.5,24.0,10.2,40.0,35100,33,10770,953,0.08,0.05,20.2,10.0,440000.0,1.01,6450,0.5,0.17,0.376,175,30,52000.0,0.5,3480,2.1,35,80
15170,0.4,9.0,57.6,0.6,0.23,15780.0,0.5,20.0,6.7,18.0,21400,17,10190,3590,0.06,0.05,11.6,1.7,180000.0,0.58,2290,0.3,0.1,0.148,174,18,34000.0,0.5,2980,0.9,31,43
15260,0.4,9.0,56.3,0.6,0.25,17520.0,0.5,21.0,7.3,21.0,22800,18,10700,1067,0.05,0.05,11.5,1.7,190000.0,0.59,2230,0.4,0.1,0.213,167,18,45000.0,0.5,2640,0.6,29,44
15670,0.3,9.0,54.7,0.5,0.22,17730.0,0.5,19.0,6.8,19.0,22600,17,11010,1091,0.04,0.2,11.6,1.3,170000.0,0.58,2320,0.3,0.09,0.207,183,18,44000.0,0.5,2800,0.6,31,43
12740,0.6,5.2,44.5,0.5,0.12,47600.0,0.5,19.0,5.7,13.0,17720,12,17260,523,0.03,0.05,10.6,4.4,180000.0,0.57,2460,0.19,0.13,0.059,205,104,35000.0,0.5,2120,0.6,28,39
12020,0.4,5.4,42.5,0.5,0.12,53400.0,0.5,18.0,6.0,14.0,17560,13,16870,534,0.03,0.05,10.2,3.4,190000.0,0.6,2300,0.3,0.12,0.155,180,142,56000.0,0.5,2520,0.5,25,38
22000,0.8,7.8,88.1,1.0,0.4,8470.0,0.5,35.0,10.3,21.0,23500,35,6390,735,0.07,0.05,22.1,7.9,300000.0,0.57,4300,0.6,0.1,0.189,172,30,41000.0,0.5,3020,1.0,43,77
22200,0.05,8.4,89.3,1.0,0.39,9010.0,0.5,38.0,10.9,40.0,25100,35,6460,775,0.11,0.05,22.5,10.0,310000.0,0.61,4390,0.5,0.1,0.183,170,30,51000.0,0.6,3130,1.0,43,83
22100,0.3,8.8,89.1,1.0,0.39,8870.0,0.5,38.0,11.0,25.0,24800,35,6410,714,0.11,0.05,23.0,9.3,300000.0,0.64,4170,0.6,0.1,0.252,157,29,51000.0,0.5,3090,1.2,41,79
15080,0.4,13.0,72.9,0.6,0.6,60100.0,0.5,23.0,6.6,16.0,27000,17,35000,1871,0.11,0.05,11.7,4.0,350000.0,0.81,2130,0.5,0.15,0.167,195,31,54000.0,0.5,2320,1.1,36,78
15720,0.18,8.8,73.6,0.6,0.58,66900.0,0.5,23.0,7.1,17.0,29300,20,37500,2010,0.12,0.05,11.6,5.3,370000.0,0.86,2240,0.5,0.14,0.124,209,31,49000.0,0.5,2810,0.8,35,79
15820,0.4,10.8,79.1,0.6,0.61,64500.0,0.5,24.0,7.1,17.0,29400,18,35800,2150,0.11,0.05,11.5,5.5,380000.0,0.86,2250,0.7,0.18,0.109,170,32,52000.0,0.5,2450,0.7,36,82
26000,0.6,8.2,111.0,1.2,0.2,19030.0,0.5,37.0,11.4,33.0,28700,25,11390,650,0.06,0.05,22.3,4.4,300000.0,0.74,6270,0.3,0.1,0.058,198,33,48000.0,0.5,2890,0.8,48,76
25500,0.2,6.4,107.0,1.1,0.16,19680.0,0.5,36.0,11.9,28.0,29100,25,11480,665,0.06,0.05,23.0,5.0,300000.0,0.77,6200,0.3,0.11,0.045,196,32,64000.0,0.5,3740,0.7,48,77
25100,0.4,7.0,110.0,1.2,0.16,20800.0,0.5,36.0,11.7,33.0,28800,27,12060,663,0.06,0.2,22.4,2.9,310000.0,0.78,6220,0.3,0.12,0.053,192,32,54000.0,0.5,3500,0.7,46,77
14460,0.05,3.5,60.0,0.5,0.33,21000.0,0.5,19.0,5.1,17.0,13430,23,7200,215,0.09,0.05,10.2,6.0,250000.0,0.72,2030,0.4,0.02,0.188,142,28,77000.0,0.5,2590,0.8,27,57
17780,0.18,3.1,65.2,0.6,0.31,20900.0,0.5,22.0,6.1,18.0,15870,26,7060,251,0.09,0.05,11.1,6.5,270000.0,0.77,2570,0.5,0.02,0.22,170,29,66000.0,0.5,2710,0.8,32,64
15140,0.05,3.8,61.9,0.5,0.31,22900.0,0.5,19.0,5.3,18.0,14560,23,7120,221,0.1,0.05,10.1,7.2,270000.0,0.77,2080,0.4,0.02,0.196,139,28,73000.0,0.5,2780,0.8,28,57
15040,0.05,3.2,64.9,0.5,0.32,4460.0,0.5,20.0,4.9,10.0,16300,24,2740,252,0.07,1.4,11.0,0.2,230000.0,0.53,3330,0.3,0.16,0.083,83,23,60000.0,0.5,3950,1.1,33,61
12660,0.05,3.6,53.1,0.4,0.25,4050.0,0.5,16.0,4.3,9.0,14590,22,2320,219,0.07,1.3,9.6,0.2,230000.0,0.53,2410,0.4,0.12,0.069,55,19,66000.0,0.5,3990,1.0,26,57
11860,0.1,3.9,50.6,0.4,0.3,4390.0,0.5,16.0,4.2,10.0,14430,22,2290,220,0.07,1.3,9.4,0.2,210000.0,0.49,2270,0.4,0.12,0.072,57,19,63000.0,0.5,4020,1.1,26,56
17940,0.2,3.9,76.7,0.8,0.35,4740.0,0.5,27.0,7.8,16.0,21900,19,3790,292,0.05,1.2,19.8,0.6,260000.0,0.55,4120,0.5,0.13,0.064,77,41,66000.0,0.5,2710,2.0,41,67
17410,0.2,4.5,76.5,0.8,0.4,4810.0,0.5,26.0,7.8,17.0,21200,19,3640,295,0.04,1.3,18.3,0.6,270000.0,0.57,3790,0.6,0.15,0.092,74,48,82000.0,0.5,2610,1.9,40,68
22200,0.3,4.2,80.8,0.9,0.45,4930.0,0.5,32.0,8.0,18.0,21700,21,4000,285,0.05,1.2,19.2,1.7,240000.0,0.55,5660,0.6,0.13,0.06,111,52,74000.0,0.5,2490,2.0,50,70
17520,0.2,10.0,78.7,0.8,0.54,4400.0,0.5,28.0,7.5,24.0,23200,49,3590,243,0.06,0.9,18.0,0.4,240000.0,0.49,3700,0.7,0.16,0.158,113,24,88000.0,0.5,2670,1.3,37,112
15380,0.3,7.9,73.9,0.7,0.6,4270.0,0.5,27.0,7.5,24.0,22100,48,3400,242,0.06,0.9,17.0,0.6,260000.0,0.54,3040,0.7,0.15,0.167,87,23,84000.0,0.5,2770,1.2,34,117
18990,0.3,7.9,88.3,0.8,0.18,4690.0,0.5,32.0,8.0,23.0,22500,50,3680,260,0.06,0.7,18.0,0.3,260000.0,0.54,4520,0.75,0.16,0.036,139,30,86000.0,0.5,2920,1.2,42,121
11420,0.2,3.8,42.2,0.4,0.16,33100.0,0.5,15.0,5.1,14.0,14830,17,11040,313,0.04,0.8,11.0,5.0,170000.0,0.59,2210,0.3,0.11,0.034,167,37,84000.0,0.5,2300,1.1,23,42
12020,0.3,3.8,43.4,0.4,0.27,32000.0,0.5,16.0,5.5,13.0,14970,16,10820,325,0.04,0.8,11.0,5.6,180000.0,0.57,2330,0.3,0.12,0.046,183,37,56000.0,0.5,2090,1.1,25,41
18860,0.05,3.8,84.8,0.8,0.4,14490.0,0.5,29.0,8.4,25.0,21000,24,9260,200,0.05,0.4,22.7,4.0,320000.0,0.76,4780,0.6,0.6,0.082,141,31,45000.0,0.5,3440,1.3,36,80
18710,0.05,3.7,77.5,0.7,0.38,14810.0,0.5,28.0,8.0,26.0,21900,25,9420,197,0.05,0.7,23.3,3.9,320000.0,0.77,4240,0.6,0.6,0.081,121,23,47000.0,0.5,3270,1.2,33,79
17390,0.05,3.8,79.2,0.8,0.39,14580.0,0.5,28.0,8.2,24.0,21300,24,9290,198,0.03,0.5,22.4,3.4,320000.0,0.76,4410,0.6,0.6,0.084,119,30,50000.0,0.5,3240,1.5,34,77
16350,0.05,3.8,65.3,0.6,0.19,58300.0,0.5,23.0,7.0,17.0,20100,19,23000,352,0.05,0.8,17.5,5.1,270000.0,0.56,4240,0.3,0.26,0.075,114,47,49000.0,0.5,2030,1.0,28,52
15120,0.3,3.7,64.2,0.6,0.18,53600.0,1.0,23.0,6.9,18.0,19130,19,21700,343,0.05,0.8,16.9,5.3,270000.0,0.56,4340,0.3,0.25,0.047,117,44,39000.0,0.5,2170,1.0,28,51
17920,0.05,3.6,68.9,0.6,0.24,53900.0,1.5,24.0,6.9,16.0,19250,19,21600,336,0.06,0.9,16.1,5.5,270000.0,0.56,4910,0.2,0.23,0.085,132,45,52000.0,0.5,2070,1.0,30,50
18160,0.05,3.5,71.2,0.7,0.57,14150.0,0.5,26.0,5.6,28.0,18160,37,8110,166,0.11,0.3,18.1,3.5,400000.0,0.67,4170,0.7,0.26,0.107,86,23,54000.0,0.5,2030,1.2,34,81
17060,0.05,3.4,70.4,0.7,0.5,15190.0,0.5,25.0,5.6,28.0,17620,37,8140,163,0.12,0.3,18.1,3.6,380000.0,0.63,4030,0.7,0.2,0.158,89,23,57000.0,0.5,1980,1.1,34,81
16850,0.05,3.4,67.0,0.7,0.52,20400.0,0.5,24.0,5.2,28.0,16760,36,8970,164,0.1,0.3,17.1,3.3,370000.0,0.65,4030,0.6,0.21,0.154,97,27,66000.0,0.5,1780,0.9,32,78
16160,0.05,4.8,80.0,0.6,0.39,5590.0,0.5,22.0,9.4,20.0,21500,29,3090,1006,0.09,0.7,17.0,5.6,260000.0,0.61,2210,0.5,0.17,0.066,67,16,28000.0,0.5,3030,0.7,29,81
16980,0.05,4.7,75.8,0.6,0.36,5730.0,0.5,24.0,9.8,19.0,22300,28,3150,945,0.09,0.7,17.6,6.6,240000.0,0.55,2250,0.5,0.19,0.102,65,16,35000.0,0.5,3060,0.8,30,82
15730,0.05,4.6,73.1,0.5,0.36,5270.0,0.5,25.0,9.5,22.0,21300,30,3040,871,0.09,1.0,18.6,6.2,260000.0,0.59,2060,0.4,0.3,0.104,63,16,40000.0,0.5,3170,0.8,29,81
16890,0.12,2.2,64.0,0.6,0.25,5640.0,0.5,23.0,5.7,16.0,16090,16,4240,188,0.06,0.2,14.2,5.0,280000.0,0.62,3300,0.3,0.07,0.085,70,15,44000.0,0.5,2120,1.3,29,46
18900,0.1,2.4,74.5,0.7,0.26,6070.0,0.5,28.0,6.3,20.0,17440,17,4700,226,0.06,0.2,15.7,4.7,280000.0,0.61,3690,0.5,0.08,0.094,76,19,41000.0,0.5,2180,1.3,31,50
17840,0.3,2.3,72.5,0.6,0.26,5950.0,0.5,27.0,6.0,19.0,16990,16,5120,220,0.06,0.12,15.8,5.4,260000.0,0.62,3570,0.4,0.2,0.081,71,18,45000.0,0.5,2180,1.4,30,49
13890,0.3,7.4,53.0,0.4,0.27,5330.0,0.5,21.0,5.9,11.0,17010,22,3430,645,0.08,0.4,10.3,7.6,240000.0,0.39,1359,0.4,0.1,0.071,99,17,34000.0,0.5,2470,0.3,36,59
13540,0.05,3.9,54.2,0.4,0.29,4280.0,0.5,20.0,6.0,11.0,15780,21,2980,659,0.09,0.1,10.2,6.7,240000.0,0.4,1327,0.7,0.06,0.131,87,14,31000.0,0.5,2910,0.7,34,63
13450,0.05,4.4,60.0,0.4,0.27,4430.0,0.5,20.0,6.5,13.0,15020,21,3200,739,0.1,0.1,11.1,7.9,240000.0,0.39,1430,0.7,0.05,0.139,88,14,26000.0,0.5,2850,0.7,35,60
9400,0.18,2.8,50.5,0.4,0.33,43700.0,0.5,15.0,4.4,16.0,16320,49,10950,588,0.11,0.07,8.0,4.8,250000.0,0.9,1811,0.4,0.19,0.177,171,47,48000.0,0.5,3020,0.7,23,68
9710,0.1,2.9,53.4,0.4,0.35,44600.0,0.5,16.0,4.6,17.0,17470,72,10840,614,0.1,0.05,8.1,5.9,240000.0,0.89,2080,0.4,0.22,0.171,180,47,56000.0,0.5,3200,0.6,24,69
13590,0.05,3.4,74.3,0.5,0.51,33300.0,0.5,24.0,6.3,12.0,22100,19,16890,1088,0.1,0.05,10.3,21.0,400000.0,0.8,1943,0.6,0.03,0.02,123,75,35000.0,0.5,2350,1.4,35,76
12480,0.3,2.9,70.6,0.4,0.47,33700.0,0.5,23.0,6.1,12.0,20900,18,17650,1002,0.09,0.05,10.0,18.6,400000.0,0.79,1948,0.5,0.02,0.025,126,83,27000.0,0.5,2280,1.3,33,72
13050,0.2,4.0,74.0,0.5,0.5,35100.0,0.5,24.0,6.1,12.0,22200,19,18060,1082,0.09,0.05,9.7,24.6,420000.0,0.82,1927,0.6,0.02,0.032,119,100,43000.0,0.5,2540,1.3,35,73
10290,0.05,3.2,43.0,0.3,0.27,6090.0,0.5,17.0,4.3,7.0,15880,19,3500,224,0.05,0.2,7.7,0.3,180000.0,0.22,859,0.4,0.06,0.188,52,12,3000.0,0.5,3580,0.6,32,39
10140,0.3,3.8,42.7,0.2,0.28,5100.0,0.5,18.0,4.2,6.0,15390,19,2840,220,0.05,0.06,8.2,18.5,190000.0,0.22,848,0.4,0.08,0.135,51,13,17000.0,0.5,2070,0.6,31,39
10560,0.1,3.9,42.7,0.3,0.25,4360.0,0.5,18.0,4.2,6.0,16020,18,2570,257,0.05,0.17,8.1,18.7,180000.0,0.21,856,0.4,0.03,0.144,51,12,3000.0,0.5,2210,0.5,31,40
13160,0.2,3.2,51.8,0.5,0.32,4400.0,0.5,20.0,6.0,10.0,17690,22,2520,727,0.07,0.11,10.5,3.7,210000.0,0.56,1753,0.4,0.05,0.143,110,14,28000.0,0.6,3270,0.7,31,53
13740,0.2,3.6,53.3,0.5,0.33,4510.0,0.5,21.0,6.5,10.0,18220,22,2810,766,0.08,0.3,11.7,4.5,210000.0,0.59,1835,0.55,0.06,0.146,116,15,29000.0,0.5,3430,0.9,33,53
13200,0.05,3.2,54.0,0.5,0.33,4890.0,0.5,20.0,6.7,10.0,17590,23,2750,799,0.08,0.18,12.0,4.1,210000.0,0.62,1745,0.45,0.06,0.102,118,16,38000.0,0.5,3170,0.7,33,58
24900,0.12,6.0,114.0,0.8,0.38,18770.0,0.5,34.0,10.4,22.0,27400,23,11880,1126,0.05,0.05,15.1,0.4,270000.0,0.71,5840,0.4,0.05,0.104,133,26,20000.0,0.5,2570,1.2,40,72
23900,0.05,5.9,110.0,0.9,0.37,17150.0,0.5,34.0,20.1,26.0,27100,24,11090,1002,0.06,0.05,14.5,6.0,260000.0,0.7,5620,0.4,0.05,0.134,129,26,18000.0,0.5,3200,1.2,41,71
23500,0.05,5.3,106.0,0.8,0.33,20500.0,0.5,32.0,9.4,24.0,25500,20,12200,863,0.06,0.05,14.8,0.3,230000.0,0.62,5440,0.4,0.04,0.111,130,28,22000.0,0.5,4160,1.1,39,65
21600,0.3,6.0,83.7,0.6,0.19,11310.0,0.5,30.0,9.1,17.0,24300,26,6430,575,0.06,0.6,18.6,17.1,250000.0,0.47,3810,0.5,0.06,0.068,110,22,20000.0,0.5,3450,1.2,40,57
21600,0.2,6.2,85.2,0.7,0.33,12160.0,0.5,30.0,9.1,18.0,24800,30,6070,612,0.06,0.2,18.3,15.1,250000.0,0.59,3830,0.5,0.04,0.078,110,26,24000.0,0.5,2710,1.3,40,95
20900,0.4,6.7,83.4,0.7,0.26,12870.0,0.5,30.0,9.1,21.0,24300,28,6470,593,0.06,0.13,18.7,11.7,240000.0,0.56,3850,0.5,0.04,0.146,101,29,22000.0,0.5,3390,1.3,39,74
24900,0.12,6.0,114.0,0.8,0.38,18770.0,0.5,34.0,10.4,22.0,27400,23,11880,1126,0.05,0.05,19.8,0.4,270000.0,0.71,5840,0.4,0.05,0.104,133,26,20000.0,0.5,2570,1.2,40,72
23900,0.05,5.9,110.0,0.9,0.37,17150.0,0.5,34.0,20.1,26.0,27100,24,11090,1002,0.06,0.05,19.6,6.0,260000.0,0.7,5620,0.4,0.05,0.134,129,26,18000.0,0.5,3200,1.2,41,71
23500,0.05,5.3,106.0,0.8,0.33,20500.0,0.5,32.0,9.4,24.0,25500,20,12200,863,0.06,0.05,18.8,0.3,230000.0,0.62,5440,0.4,0.04,0.111,130,28,22000.0,0.5,4160,1.1,39,65
21800,0.3,3.2,85.7,0.8,0.36,10520.0,0.5,32.0,9.0,21.0,23800,42,6200,389,0.07,0.05,18.4,0.5,310000.0,0.77,3820,0.4,0.02,0.077,146,23,48000.0,0.5,840,0.9,40,76
22400,0.15,2.4,90.1,1.0,0.38,19830.0,0.5,26.0,11.3,41.0,33700,33,9610,1220,0.0,0.05,22.3,5.0,180000.0,0.92,6930,0.3,0.06,0.097,236,33,23000.0,0.5,2960,1.8,38,81
13040,0.05,2.6,55.3,0.5,0.25,3070.0,0.5,15.0,5.4,8.0,17550,15,2370,599,0.04,0.05,7.8,5.0,190000.0,0.78,1084,0.4,0.07,0.076,122,11,44000.0,0.6,3430,1.7,30,52
12660,0.3,2.6,53.9,0.5,0.22,3370.0,0.5,15.0,5.4,7.0,17470,14,2580,548,0.04,0.05,7.9,10.0,180000.0,0.78,1237,0.4,0.07,0.07,129,11,32000.0,0.5,3560,1.7,32,49
12540,0.05,2.0,53.8,0.5,0.17,62700.0,0.5,21.0,6.5,13.0,15990,17,31200,596,0.05,0.05,11.8,29.0,280000.0,0.85,3110,0.3,0.13,0.411,258,44,38000.0,0.5,2370,1.4,34,62
12390,0.08,3.0,54.6,0.5,0.21,57800.0,0.5,18.0,6.1,17.0,15330,17,31500,564,0.04,0.05,11.1,16.0,310000.0,0.85,3120,0.5,0.1,0.301,281,41,40000.0,0.5,2320,0.7,33,61
13580,0.08,3.0,57.6,0.5,0.21,58500.0,0.5,20.0,6.4,17.0,16890,16,31500,598,0.04,0.05,11.8,16.0,330000.0,0.9,3410,0.5,0.11,0.258,281,42,35000.0,0.5,2280,0.7,34,63
14010,0.12,3.0,54.2,0.5,0.18,32600.0,0.5,25.0,7.1,10.0,18440,19,16120,469,0.06,0.05,11.3,6.1,220000.0,0.9,2140,0.4,0.11,0.156,249,32,29000.0,0.5,3040,1.8,40,50
14140,0.3,3.6,51.4,0.4,0.26,28200.0,0.5,18.0,5.3,10.0,19020,17,15460,369,0.06,0.05,9.1,6.0,250000.0,0.88,2220,0.5,0.12,0.042,247,26,32000.0,0.5,2770,2.0,34,43
15110,0.4,4.1,55.5,0.6,0.22,24800.0,0.5,21.0,5.5,14.0,19730,19,13670,407,0.06,0.4,9.9,5.9,250000.0,1.02,2430,0.5,0.13,0.048,238,28,34000.0,0.5,2880,2.1,36,48
16930,0.2,10.2,61.4,0.6,0.16,25800.0,0.5,25.0,7.8,17.0,20000,35,14150,661,0.08,0.05,13.7,12.0,250000.0,0.9,2790,0.5,0.09,0.197,202,26,37000.0,0.5,2570,1.4,33,65
15580,0.3,9.3,57.3,0.5,0.2,25700.0,0.5,20.0,6.0,17.0,20600,32,15210,512,0.07,0.05,11.2,10.5,280000.0,0.89,2610,0.4,0.12,0.051,204,23,36000.0,0.5,2570,1.7,33,59
16600,0.2,14.2,59.1,0.5,0.21,23800.0,0.5,22.0,6.6,17.0,20500,33,14620,577,0.08,0.05,11.9,10.6,270000.0,0.81,2530,0.4,0.13,0.079,210,24,37000.0,0.5,2660,1.6,33,56
19130,0.12,2.8,74.3,0.7,0.24,15320.0,0.5,30.0,9.3,13.0,24300,18,8210,725,0.05,0.05,14.3,10.6,210000.0,0.81,2480,0.4,0.07,0.438,287,24,24000.0,0.5,3560,1.6,50,71
20200,0.3,3.2,74.1,0.6,0.29,14090.0,0.5,24.0,7.9,12.0,24200,18,8110,557,0.05,0.05,12.8,20.9,210000.0,0.72,2790,0.4,0.12,0.215,363,24,29000.0,0.5,3350,2.0,43,65
34000,0.05,4.2,131.0,1.2,0.2,15680.0,0.5,35.0,16.7,26.0,37000,35,9360,1211,0.05,0.05,24.3,6.7,220000.0,0.73,5630,0.6,0.31,0.23,101,39,78000.0,0.5,5150,1.1,46,94
35200,0.05,4.0,133.0,1.2,0.19,19220.0,0.5,36.0,15.3,29.0,34300,33,9960,1159,0.04,0.05,24.4,5.7,230000.0,0.75,7000,0.5,0.34,0.26,119,40,74000.0,0.5,4800,1.1,51,92
38000,0.05,4.6,136.0,1.2,0.25,11480.0,0.5,37.0,17.2,37.0,36800,38,8960,1319,0.05,0.05,23.9,7.3,210000.0,0.74,6720,0.6,0.27,0.3,105,36,85000.0,0.5,5160,1.0,53,100
7870,0.3,1.7,24.2,0.3,0.14,16080.0,0.5,11.0,3.9,8.0,14240,11,4230,400,0.03,0.14,5.5,29.2,170000.0,0.64,918,0.11,0.11,0.159,176,26,52000.0,0.5,3120,0.6,23,33
8050,0.2,2.3,25.3,0.3,0.13,16420.0,0.5,12.0,3.9,8.0,13950,13,4320,408,0.04,0.05,5.6,37.9,190000.0,0.74,1132,0.05,0.05,0.188,192,25,46000.0,0.5,3340,0.7,23,36
7920,0.1,1.8,24.1,0.3,0.11,16860.0,0.5,11.0,3.8,7.0,13980,13,4320,392,0.03,0.05,5.5,26.5,200000.0,0.65,995,0.12,0.12,0.21,188,27,54000.0,1.2,2950,0.7,23,35
10960,0.4,2.5,31.1,0.3,0.16,4870.0,0.5,12.0,3.5,8.0,11790,24,1783,136,0.05,0.05,5.3,7.4,220000.0,0.71,1492,0.3,0.11,0.78,134,17,63000.0,0.5,2680,0.7,20,42
9960,0.05,2.4,31.0,0.3,0.19,4360.0,0.5,11.0,3.4,8.0,11470,22,1694,128,0.05,0.05,4.8,5.3,230000.0,0.72,1420,0.3,0.06,0.68,131,15,65000.0,0.5,2640,0.7,20,41
10500,0.2,3.4,29.7,0.3,0.14,3940.0,0.5,11.0,3.5,7.0,11590,24,1600,138,0.05,0.05,5.0,5.5,230000.0,0.71,1350,0.09,0.17,0.63,120,13,73000.0,0.5,2610,0.7,20,40
32200,0.12,4.5,129.0,1.1,0.22,7690.0,0.5,37.0,13.8,19.0,34900,30,7680,849,0.06,0.05,21.1,5.8,410000.0,0.79,7060,0.4,0.21,0.22,128,48,94000.0,0.5,4010,1.2,52,91
29400,0.2,5.5,119.0,1.0,0.28,7890.0,0.5,35.0,12.8,17.0,33900,30,7200,812,0.06,0.05,20.0,6.3,520000.0,0.9,6660,0.4,0.2,0.186,116,47,99000.0,0.5,3890,1.2,49,93
28200,0.05,4.7,116.0,1.0,0.21,7990.0,0.5,31.0,11.2,17.0,32100,28,6870,742,0.06,0.05,17.4,5.5,440000.0,0.78,6220,0.4,0.2,0.2,117,43,89000.0,0.5,4020,1.1,46,80
10700,0.6,3.6,34.6,0.4,0.21,2260.0,0.5,14.0,5.5,25.0,16600,22,2670,740,0.03,0.05,9.8,8.2,140000.0,0.69,2210,0.11,0.06,0.182,83,10,50000.0,0.5,2800,0.8,23,57
10600,0.3,4.9,38.8,0.4,0.22,2570.0,0.5,14.0,5.6,26.0,17100,22,2790,762,0.02,0.05,9.7,8.8,130000.0,0.67,2490,0.05,0.12,0.147,107,12,36000.0,0.5,2640,0.7,24,56
10800,0.08,5.2,37.6,0.4,0.2,2230.0,0.5,13.0,5.5,26.0,16300,24,2650,730,0.03,0.05,9.6,12.4,130000.0,0.7,2100,0.05,0.08,0.164,88,11,34000.0,0.5,2760,0.8,23,59
30000,0.05,7.0,161.0,1.2,0.69,7360.0,0.5,31.0,19.2,18.0,29400,44,7390,2710,0.1,0.05,21.6,34.3,330000.0,0.85,5080,0.6,0.24,0.25,77,35,82000.0,0.5,5030,1.2,45,116
28900,0.05,7.7,164.0,1.1,0.78,6690.0,0.5,30.0,16.9,18.0,28600,40,7580,2570,0.13,0.05,23.3,19.2,330000.0,0.92,5060,0.5,0.23,0.28,79,31,82000.0,0.5,5370,1.3,4,114
31900,0.08,7.5,182.0,1.3,0.89,7360.0,0.5,36.0,20.8,18.0,31200,46,8010,3190,0.14,0.2,26.2,24.4,370000.0,0.97,5230,0.3,0.25,0.27,3,34,65000.0,0.5,4940,1.3,47,134
10600,0.12,2.3,35.6,0.3,0.21,2670.0,0.5,14.0,4.5,5.0,15700,16,1788,371,0.06,0.05,6.4,6.2,140000.0,0.4,906,0.3,0.06,0.23,99,10,46000.0,0.5,3900,0.7,26,45
10400,0.05,2.8,31.5,0.2,0.18,2200.0,0.5,12.0,4.1,5.0,15400,17,1572,306,0.07,0.05,5.6,4.5,140000.0,0.37,746,0.2,0.17,0.23,90,9,52000.0,0.5,3560,0.6,23,43
13140,0.05,3.0,83.0,0.5,0.58,10560.0,0.5,18.0,5.9,15.0,21100,33,5050,1651,0.1,0.05,9.5,12.4,350000.0,1.02,1581,0.3,0.21,0.086,112,16,45000.0,0.5,3260,0.6,32,121
14430,0.1,3.5,102.0,0.6,0.64,10010.0,0.5,18.0,6.1,15.0,21700,36,4300,2120,0.12,0.05,10.0,9.5,300000.0,0.91,1692,0.4,0.2,0.09,114,17,55000.0,0.5,3010,0.7,31,130
12360,0.05,3.1,81.6,0.5,0.61,26200.0,0.5,18.0,5.5,17.0,21300,30,9820,1709,0.09,0.05,9.7,11.1,290000.0,0.94,1817,0.3,0.22,0.083,133,27,52000.0,0.5,3690,0.8,32,115
17290,0.4,9.0,67.0,0.4,0.36,1286.0,0.5,18.0,5.2,25.0,20300,62,1764,932,0.24,0.7,49.4,28.6,400000.0,1.42,1101,2.0,0.27,0.187,41,8,98000.0,0.5,3720,0.7,28,107
16790,0.12,7.0,84.3,0.4,0.46,1532.0,0.5,19.0,6.0,25.0,18160,70,2020,1094,0.25,0.6,49.3,30.5,430000.0,1.42,1422,1.6,0.27,0.2,46,9,101000.0,0.5,3920,0.8,29,132
19860,0.05,4.6,88.9,0.5,0.42,1429.0,0.5,24.0,7.1,25.0,21300,59,2640,1112,0.23,0.5,45.9,28.9,380000.0,1.44,1935,1.0,0.27,0.151,68,10,68000.0,0.5,4150,0.7,36,133
15260,0.05,5.4,78.6,0.5,0.66,37600.0,0.5,18.0,6.3,28.0,23700,47,15590,1245,0.12,0.08,10.6,7.7,520000.0,0.97,2400,0.6,0.02,0.043,150,36,29000.0,0.8,2590,0.7,28,120
16490,0.1,4.9,68.9,0.5,0.42,29600.0,0.5,20.0,6.5,22.0,25700,41,11270,646,0.09,0.05,10.7,6.1,520000.0,0.97,1975,0.4,0.02,0.034,190,33,40000.0,0.5,2980,0.6,33,104
14600,0.08,15.2,77.3,0.5,0.62,40500.0,0.5,18.0,6.3,28.0,23900,51,15160,1092,0.12,0.05,11.8,12.9,630000.0,0.95,2280,1.0,0.09,0.045,131,40,48000.0,0.5,2420,0.8,27,128
10390,0.08,5.3,33.3,0.4,0.26,7550.0,0.5,15.0,4.7,7.0,16040,32,3230,416,0.05,0.05,6.4,6.6,240000.0,0.51,877,0.5,0.13,0.34,175,13,36000.0,0.5,3790,0.7,29,64
9270,0.3,5.1,30.9,0.4,0.3,7330.0,0.5,13.0,4.2,7.0,14920,33,3000,377,0.06,0.07,6.3,5.0,210000.0,0.49,753,0.5,0.09,0.39,158,12,27000.0,0.5,3240,0.5,25,60
10140,0.4,5.7,34.2,0.4,0.28,8230.0,0.5,14.0,4.3,8.0,16140,31,3410,410,0.05,0.05,6.3,5.6,240000.0,0.51,822,0.6,0.09,0.43,166,13,30000.0,0.5,3190,0.8,27,63
15710,0.12,3.2,58.0,0.5,0.38,11940.0,0.5,21.0,6.4,13.0,20800,21,6710,598,0.08,0.05,9.8,6.2,240000.0,0.67,1579,0.4,0.02,0.041,181,17,38000.0,0.5,3330,0.8,34,53
15650,0.18,2.6,55.4,0.5,0.33,8420.0,0.5,20.0,6.1,11.0,20900,22,4200,585,0.08,0.15,9.3,6.8,260000.0,0.6,1463,0.4,0.02,0.035,168,16,34000.0,0.5,3320,0.7,34,56
14920,0.05,2.8,50.1,0.5,0.35,9040.0,0.5,20.0,5.9,9.0,20200,20,4280,571,0.07,0.05,8.7,6.6,280000.0,0.6,1192,0.4,0.02,0.035,146,14,43000.0,0.6,3340,0.7,33,58
12060,0.05,2.5,52.2,0.4,0.23,20700.0,0.5,17.0,5.5,13.0,19170,32,6690,568,0.08,0.05,8.6,6.3,240000.0,0.77,1988,0.3,0.18,0.126,162,26,35000.0,0.5,3150,0.7,30,58
11790,0.4,2.5,47.8,0.4,0.23,20000.0,0.5,16.0,5.2,13.0,17720,30,6580,547,0.07,0.05,8.4,3.7,230000.0,0.72,1884,0.3,0.15,0.098,141,27,40000.0,0.5,3210,0.8,27,56
11430,0.05,2.2,50.3,0.4,0.23,18920.0,0.5,16.0,5.3,13.0,16860,34,6560,526,0.09,0.05,8.7,6.9,250000.0,0.76,1788,0.2,0.27,0.093,132,26,45000.0,0.5,3380,0.8,27,59
9110,0.05,2.9,50.3,0.4,0.32,5120.0,0.5,16.0,4.4,11.0,18200,51,2110,578,0.06,0.05,7.2,24.9,280000.0,0.66,690,0.4,0.36,0.088,86,16,51000.0,0.5,4020,0.6,32,82
9850,0.1,3.1,58.5,0.4,0.37,5670.0,0.5,17.0,5.0,12.0,20300,55,2410,641,0.06,0.05,7.3,18.7,280000.0,0.67,798,0.4,0.18,0.045,112,18,58000.0,0.5,4570,0.6,38,88
14720,0.1,17.0,58.4,0.6,0.59,37300.0,0.5,21.0,6.0,15.0,20800,44,22000,742,0.09,0.3,10.4,17.8,370000.0,0.88,2360,0.8,0.21,0.047,156,21,35000.0,0.5,2790,1.0,31,161
14090,0.05,10.1,56.3,0.6,0.59,39600.0,0.5,20.0,5.7,15.0,19020,42,23100,756,0.1,0.11,9.8,19.1,380000.0,0.97,2160,0.6,0.17,0.05,144,22,43000.0,0.5,2990,1.0,29,147
15320,0.05,13.2,59.9,0.6,0.57,39300.0,0.5,22.0,6.1,16.0,21000,43,22800,762,0.1,0.3,10.2,20.8,330000.0,0.91,2700,0.7,0.17,0.053,207,25,24000.0,0.5,3120,1.1,33,148
11400,0.2,3.2,66.6,0.4,0.43,26200.0,0.5,24.0,5.7,22.0,17890,51,13000,456,0.11,0.6,7.8,19.2,210000.0,1.0,2370,0.4,0.32,0.169,126,27,75000.0,0.5,3150,0.9,24,124
11010,0.05,4.4,74.3,0.5,0.47,26500.0,0.5,24.0,5.9,24.0,18600,57,12670,488,0.11,0.5,7.6,19.6,210000.0,1.11,2380,0.5,0.3,0.188,125,26,77000.0,0.5,3310,0.9,24,131
12080,0.1,4.7,78.6,0.5,0.49,24600.0,0.5,25.0,6.2,25.0,19700,54,12370,490,0.14,0.5,7.6,24.7,200000.0,1.23,2730,0.4,0.37,0.23,127,28,75000.0,0.8,3410,0.9,25,136
18850,0.2,7.7,89.3,0.7,0.39,45200.0,0.5,32.0,9.3,30.0,26800,63,15840,741,0.22,0.6,29.6,16.5,320000.0,1.14,5180,0.5,0.34,0.167,187,58,116000.0,0.5,4020,1.1,32,104
17760,0.05,8.3,87.7,0.8,0.36,38700.0,0.5,33.0,10.1,35.0,29100,59,13980,753,0.23,0.5,30.6,16.3,310000.0,1.2,4560,0.6,0.33,0.21,167,53,100000.0,0.6,3910,1.1,32,107
18480,0.05,8.2,83.9,0.7,0.34,50900.0,0.5,34.0,9.9,33.0,27200,61,17340,783,0.24,0.8,29.7,16.6,320000.0,1.17,5250,0.5,0.32,0.21,193,51,100000.0,0.5,3780,1.1,32,99
19700,0.05,7.3,101.0,0.8,0.32,8290.0,0.5,25.0,18.6,95.0,25800,37,6240,504,0.07,0.07,656.0,5.1,300000.0,0.81,3410,1.7,0.41,0.168,84,20,77000.0,0.5,3860,0.9,29,104
21400,0.05,7.4,105.0,0.9,0.31,8430.0,0.5,26.0,18.3,97.0,26500,38,6250,477,0.08,0.13,728.0,5.8,290000.0,0.79,3920,2.0,0.39,0.184,96,21,82000.0,0.5,3630,0.9,32,104
22200,0.12,7.2,109.0,0.9,0.33,10470.0,0.5,27.0,20.4,102.0,26800,41,6710,536,0.09,0.1,734.0,4.9,300000.0,0.81,4390,1.8,0.41,0.186,111,24,76000.0,0.5,3670,0.9,33,107
11500,0.15,2.8,43.7,0.4,0.26,18430.0,0.5,17.0,5.1,11.0,20000,21,8360,659,0.02,0.05,7.8,1.7,190000.0,0.77,1416,0.15,0.19,0.097,123,20,40000.0,0.5,3850,0.8,32,77
11450,0.05,2.6,45.3,0.4,0.26,20400.0,0.5,18.0,5.2,11.0,19780,22,9110,674,0.04,0.05,7.6,1.2,190000.0,0.78,1562,0.13,0.2,0.109,140,22,40000.0,0.5,3820,0.8,33,77
11250,0.05,2.9,43.7,0.4,0.29,20400.0,0.5,17.0,5.0,12.0,19840,22,9130,663,0.03,0.13,7.6,1.6,210000.0,0.8,1544,0.17,0.19,0.064,139,20,46000.0,0.5,3710,0.8,32,80
9900,0.2,9.6,36.0,0.4,0.34,1364.0,0.5,22.0,5.5,25.0,21000,81,2000,516,0.11,0.3,10.3,11.4,100000.0,0.9,1159,0.4,0.18,0.086,63,9,54000.0,0.5,4180,1.1,32,116
10870,0.08,8.5,40.1,0.5,0.47,1619.0,0.5,22.0,5.8,26.0,21800,96,2100,622,0.14,0.4,11.8,14.0,110000.0,0.83,1259,0.3,0.17,0.23,69,9,51000.0,0.5,3790,1.0,33,146
10380,0.4,9.7,35.4,0.4,0.32,1381.0,0.5,20.0,5.2,24.0,21900,81,2000,527,0.12,0.3,13.3,11.6,90000.0,0.81,1202,0.12,0.16,0.21,69,9,49000.0,0.5,3900,0.9,31,116
3250,0.15,6.9,52.5,0.3,1.15,20200.0,0.5,8.0,1.8,21.0,3810,53,3450,287,0.3,0.8,6.0,62.5,1710000.0,1.12,661,2.4,0.05,0.24,108,42,2000.0,0.5,774,1.5,12,110
3180,0.2,6.7,51.1,0.3,1.08,19530.0,0.5,8.0,1.7,17.0,3720,57,3320,266,0.26,0.7,6.0,46.2,1700000.0,1.12,616,2.3,0.02,0.24,114,38,9000.0,0.5,758,1.3,11,110
21100,0.05,4.6,105.0,0.9,0.32,6040.0,0.5,29.0,17.6,18.0,27300,50,6190,1012,0.1,0.05,25.0,9.8,240000.0,0.51,4600,0.3,0.19,0.27,30,30,96000.0,0.5,1130,1.0,35,97
22200,0.2,9.8,109.0,0.8,0.34,6530.0,0.5,29.0,17.1,18.0,27000,50,6260,976,0.11,0.05,23.8,10.1,250000.0,0.51,4790,0.3,0.21,0.34,30,30,85000.0,0.5,4820,1.0,35,92
21100,0.05,10.0,111.0,0.9,0.31,6640.0,0.5,30.0,17.5,40.0,27900,50,6520,953,0.11,0.05,24.9,11.5,250000.0,0.53,4690,0.05,0.21,0.27,31,31,85000.0,0.6,5020,1.1,35,91
14120,0.05,7.8,55.4,0.6,0.14,7020.0,0.5,24.0,7.7,9.0,21400,20,2960,647,0.05,0.05,9.5,5.0,200000.0,0.8,1033,0.2,0.02,0.196,298,21,31000.0,0.5,3500,1.9,48,50
12430,0.05,7.5,48.4,0.5,0.12,5200.0,0.5,23.0,6.6,8.0,17240,18,2500,551,0.04,0.05,0.0,5.0,200000.0,0.77,846,0.3,0.07,0.189,229,18,37000.0,0.5,3670,1.7,44,44
12430,0.05,7.5,48.4,0.5,0.12,5200.0,0.5,23.0,6.6,8.0,17240,18,2500,551,0.04,0.05,0.0,5.0,200000.0,0.77,846,0.3,0.07,0.189,229,18,37000.0,0.5,3670,1.7,42,44
11920,0.7,3.2,55.2,0.4,0.12,37400.0,0.5,19.0,5.9,12.0,19060,14,5810,489,0.04,0.5,10.9,1.2,240000.0,0.77,2250,0.2,0.1,0.082,353,58,47000.0,0.5,2820,0.6,34,50
12110,0.3,3.0,54.0,0.4,0.07,40000.0,0.5,20.0,6.0,12.0,18850,14,5910,482,0.04,0.05,8.3,1.6,240000.0,0.68,2260,0.2,0.11,0.063,381,58,47000.0,0.5,3290,1.4,33,48
11690,0.4,3.2,51.8,0.4,0.1,41000.0,0.5,20.0,6.0,12.0,19320,14,5850,483,0.04,0.05,9.7,1.6,240000.0,0.7,2200,0.2,0.11,0.074,362,59,48000.0,0.5,3240,0.6,34,49
17700,0.3,3.0,118.0,0.6,0.29,8920.0,0.5,34.0,10.1,20.0,22700,20,6380,369,0.06,0.05,13.6,13.0,370000.0,1.06,2760,0.6,0.08,0.196,623,36,45000.0,0.5,3110,1.8,47,72
17860,0.12,2.4,120.0,0.7,0.32,9190.0,0.5,38.0,10.7,22.0,23600,21,6600,411,0.05,0.1,17.1,6.1,400000.0,1.05,3050,0.6,0.08,0.194,610,39,55000.0,0.5,2650,1.4,48,80
17580,0.4,2.8,114.0,0.7,0.28,8740.0,0.5,36.0,10.6,19.0,23700,21,6410,407,0.05,0.1,16.1,14.0,370000.0,1.06,2960,0.4,0.08,0.211,605,37,54000.0,0.5,2600,1.4,48,78
13660,0.05,1.6,99.1,0.4,0.22,6060.0,0.5,22.0,8.2,12.0,22400,27,6420,484,0.05,0.15,9.7,14.0,180000.0,0.98,1442,0.3,0.19,0.22,431,27,55000.0,0.5,3740,1.0,42,75
13710,0.05,1.5,105.0,0.5,0.29,6150.0,0.5,22.0,8.2,12.0,23500,23,6590,475,0.05,0.18,9.5,16.5,190000.0,0.98,1365,0.3,0.19,0.22,438,29,59000.0,0.8,3820,1.1,42,73
13290,0.05,1.1,104.0,0.5,0.29,5610.0,0.5,23.0,8.5,12.0,22300,25,6320,522,0.05,0.5,10.1,12.2,230000.0,0.93,1379,0.3,0.19,0.27,371,27,62000.0,0.5,3740,0.8,41,75
16790,0.2,1.6,58.5,0.5,0.19,17200.0,0.5,21.0,6.4,8.0,24700,17,3890,519,0.04,0.05,7.5,6.7,230000.0,1.19,2090,0.3,0.17,0.23,237,32,56000.0,0.5,3890,0.7,36,53
15970,0.05,1.6,59.1,0.5,0.15,14280.0,0.5,20.0,6.0,8.0,24400,16,3670,519,0.04,0.05,7.6,6.5,210000.0,1.23,1762,0.3,0.15,0.183,180,28,54000.0,0.5,4320,1.1,35,53
15650,0.1,1.6,58.9,0.5,0.16,14490.0,0.5,19.0,6.1,8.0,23300,17,3660,513,0.04,0.05,7.8,6.3,210000.0,1.23,1688,0.3,0.2,0.161,165,28,57000.0,1.0,4080,0.7,34,54
13340,0.08,15.0,67.8,0.5,0.2,6440.0,0.5,23.0,7.6,9.0,20500,76,3740,426,0.05,0.05,9.5,9.7,170000.0,0.95,2290,0.2,0.04,0.056,233,17,30000.0,0.5,762,0.7,34,52
13430,0.05,37.0,69.8,0.5,0.22,6890.0,0.5,22.0,7.4,10.0,20300,70,3860,405,0.04,0.1,9.1,12.0,210000.0,0.92,2510,0.4,0.02,0.044,240,17,38000.0,0.5,3550,1.0,33,53
14650,0.05,39.0,70.3,0.5,0.19,7170.0,0.5,23.0,7.6,9.0,20900,76,3930,426,0.04,0.16,9.7,9.9,220000.0,0.9,2540,0.4,0.07,0.041,252,19,44000.0,0.5,3720,0.9,34,53
15970,0.2,14.4,61.1,0.5,0.3,29200.0,0.5,17.0,8.1,65.0,26500,33,11370,1355,0.07,0.6,10.5,22.6,270000.0,0.82,2720,0.3,0.11,0.083,120,27,46000.0,0.6,3070,0.7,25,65
15040,0.1,12.1,60.9,0.5,0.28,24900.0,0.5,17.0,8.5,58.0,23100,28,10320,1313,0.08,0.7,10.7,20.2,300000.0,0.94,2550,0.3,0.15,0.092,136,28,47000.0,0.5,3250,0.7,27,62
8530,0.05,8.2,37.5,0.3,0.37,2160.0,0.5,13.0,4.1,6.0,18150,32,1424,692,0.07,0.6,5.0,0.7,210000.0,0.7,578,0.8,0.02,0.117,112,9,44000.0,0.5,3700,0.8,28,56
9180,0.6,7.5,35.3,0.3,0.35,2050.0,0.5,13.0,4.0,5.0,18380,30,1471,642,0.06,0.3,4.9,0.6,190000.0,0.82,583,0.8,0.04,0.061,205,8,35000.0,0.5,4110,0.8,28,55
8830,0.05,8.0,37.9,0.3,0.48,2670.0,0.5,14.0,4.4,6.0,18990,37,1593,719,0.08,0.3,5.4,0.9,220000.0,0.78,655,1.0,0.05,0.093,148,10,36000.0,0.5,3610,0.8,31,62
8990,0.4,2.2,118.0,0.4,0.45,5190.0,0.5,15.0,9.2,7.0,21100,22,2180,655,0.09,0.05,6.2,28.7,310000.0,0.91,783,0.6,0.15,0.057,192,17,39000.0,0.5,4850,1.7,47,86
8630,0.06,0.6,51.2,0.4,0.14,17080.0,0.5,15.0,5.8,10.0,16070,9,7140,391,0.0,0.05,7.7,5.0,120000.0,0.69,939,0.13,0.14,0.524,323,22,28000.0,0.5,3260,1.2,30,41
9020,0.2,0.6,52.5,0.4,0.14,16900.0,0.5,17.0,7.0,8.0,18210,10,7230,399,0.13,0.05,8.6,5.0,120000.0,0.73,1000,0.1,0.15,0.596,384,25,28000.0,0.5,3810,1.5,36,44
16160,0.15,1.8,208.0,0.5,0.33,4860.0,0.5,20.0,8.8,13.0,25800,31,4410,1360,0.09,0.05,10.7,5.0,400000.0,1.21,1145,0.2,0.16,0.077,269,23,41000.0,1.5,4180,0.5,44,114
17390,0.4,1.8,203.0,0.5,0.36,5150.0,0.5,25.0,10.1,9.0,31800,27,4580,1747,0.09,0.05,12.2,5.0,360000.0,1.14,1155,0.4,0.17,0.185,389,23,30000.0,0.5,4250,1.2,54,101
28400,0.09,2.5,156.0,1.0,0.21,5390.0,0.5,38.0,13.3,18.0,29600,40,7240,455,0.08,0.05,19.7,5.0,310000.0,0.78,4430,0.2,0.15,0.25,573,36,23000.0,0.5,4610,0.6,66,102
27400,0.2,2.6,166.0,0.9,0.24,5910.0,0.5,42.0,13.6,16.0,34400,42,8250,485,0.08,0.05,21.4,5.0,300000.0,0.74,4730,0.4,0.13,0.35,403,38,27000.0,0.5,4840,1.5,66,107
26500,0.4,2.6,165.0,0.9,0.3,6010.0,0.5,42.0,13.7,16.0,34100,43,8180,489,0.08,0.05,21.0,5.0,330000.0,0.74,4470,0.4,0.13,0.317,407,38,28000.0,0.5,4650,1.5,67,104
12340,0.2,2.9,56.6,0.4,0.21,7960.0,0.5,17.0,5.4,11.0,18780,23,3670,488,0.1,0.3,6.9,22.8,220000.0,0.86,1588,0.3,0.02,0.055,197,18,43000.0,0.5,2890,0.9,28,45
10300,0.1,3.0,48.9,0.4,0.22,6500.0,0.5,15.0,4.5,10.0,16110,22,3010,377,0.1,0.3,5.5,22.8,230000.0,0.87,1170,0.3,0.02,0.095,171,15,44000.0,0.5,2450,0.8,25,39
12310,0.05,2.9,57.0,0.4,0.25,6980.0,0.5,17.0,5.2,11.0,19030,22,3280,575,0.11,0.3,6.7,25.1,230000.0,0.86,1545,0.3,0.02,0.05,192,16,48000.0,0.5,2730,0.8,28,49
17090,0.05,2.3,70.9,0.5,0.22,4790.0,0.5,25.0,7.0,8.0,20500,18,3700,801,0.06,0.05,8.6,2.9,170000.0,0.57,1652,0.4,0.03,0.087,377,24,42000.0,0.5,3360,0.9,29,44
16010,0.05,2.2,70.6,0.5,0.24,5370.0,0.5,16.0,6.2,8.0,12960,17,3780,821,0.06,0.05,8.4,2.2,170000.0,0.58,1637,0.3,0.02,0.079,331,23,45000.0,0.5,3110,0.9,1,44
18150,0.4,16.8,99.6,0.8,0.26,3930.0,0.5,22.0,10.7,78.0,28700,48,3850,2660,0.1,0.05,18.9,13.0,170000.0,0.89,4180,0.4,0.16,0.469,119,24,40000.0,0.5,3000,1.8,40,76
18960,0.2,14.0,110.0,0.8,0.35,3640.0,0.5,24.0,11.8,93.0,29900,53,3670,3050,0.1,0.05,22.5,17.0,200000.0,1.05,4520,0.7,0.15,0.508,95,26,29000.0,0.5,2860,0.8,40,91
18550,0.2,17.1,115.0,0.8,0.35,3090.0,0.5,23.0,12.1,97.0,30400,56,3530,3380,0.1,0.05,22.7,18.0,200000.0,1.11,4550,0.9,0.14,0.478,82,23,27000.0,0.5,2760,0.9,28,94
14170,0.18,10.0,77.9,0.6,0.15,52100.0,0.5,85.0,6.9,17.0,19930,17,5960,490,0.07,0.1,11.7,4.6,330000.0,1.04,2400,0.3,0.12,1.96,536,81,62000.0,0.5,2890,0.7,51,51
14350,0.2,6.9,75.0,0.5,0.2,52000.0,0.5,79.0,6.7,14.0,20800,17,6110,440,0.07,0.05,11.7,9.1,280000.0,1.04,2460,0.5,0.1,1.59,515,77,54000.0,0.5,2640,0.7,50,50
13120,0.05,7.0,73.8,0.5,0.27,50800.0,0.5,84.0,6.7,14.0,20100,17,5730,431,0.07,0.5,10.4,8.2,290000.0,1.05,2160,0.4,0.1,1.62,476,77,44000.0,0.5,2800,0.6,31,51
18440,0.6,2.6,104.0,1.2,0.41,5960.0,0.5,27.0,10.5,43.0,29700,112,4520,401,0.08,0.4,23.6,5.0,260000.0,1.14,4290,0.6,0.12,0.155,173,44,59000.0,0.5,3820,1.2,41,113
19850,0.3,17.4,101.0,1.0,0.28,6390.0,0.5,28.0,10.5,46.0,29100,117,4730,455,0.17,0.1,30.3,5.5,290000.0,1.41,6130,0.9,0.11,0.212,184,35,65000.0,0.5,3520,0.9,42,126
16300,0.4,17.0,90.6,1.1,0.44,5630.0,0.5,24.0,9.7,45.0,27100,106,4130,405,0.15,0.1,21.1,5.5,280000.0,1.31,4470,0.9,0.12,0.208,144,40,67000.0,0.5,3650,0.8,38,118
11920,0.05,2.6,56.8,0.5,0.14,23900.0,0.5,18.0,6.1,9.0,21000,12,3710,498,0.05,0.16,6.8,22.0,130000.0,1.01,1772,0.3,0.16,0.93,370,40,48000.0,0.5,3460,1.0,36,32
11190,0.05,2.1,57.0,0.5,0.13,21800.0,0.5,17.0,5.5,14.0,20000,12,3310,452,0.04,0.05,6.9,23.4,110000.0,1.04,1511,0.4,0.15,1.05,266,39,48000.0,0.5,3680,1.1,33,33
11510,0.05,2.2,57.8,0.5,0.14,23200.0,0.5,17.0,5.4,9.0,21100,12,3360,461,0.05,0.05,7.0,21.7,120000.0,1.04,1487,0.4,0.16,0.91,251,36,47000.0,0.5,3410,0.8,31,34
8230,0.2,4.8,42.7,0.4,0.26,8630.0,0.5,14.0,4.6,7.0,15060,20,2130,354,0.03,0.06,5.9,1.2,250000.0,0.73,1258,0.7,0.06,0.063,198,22,61000.0,0.5,2860,0.8,25,49
8420,0.2,1.4,42.9,0.4,0.33,7640.0,0.5,14.0,4.6,8.0,16690,22,1981,360,0.05,0.14,5.9,1.5,220000.0,0.83,1105,0.3,0.02,0.088,181,19,36000.0,0.5,2680,0.8,24,53
9000,0.2,4.7,43.3,0.4,0.26,8580.0,0.5,16.0,5.1,8.0,15610,23,2270,370,0.05,0.5,6.5,1.5,230000.0,0.67,1317,0.6,0.04,0.068,209,22,56000.0,0.5,2860,1.0,26,53
9410,0.05,1.3,55.8,0.3,0.2,2390.0,0.5,13.0,6.3,6.3,19600,25,2080,349,0.08,0.2,5.8,6.9,280000.0,0.88,712,0.6,0.15,0.191,173,12,84000.0,1.0,5720,0.8,35,51
10220,0.08,1.3,58.2,0.4,0.3,2950.0,0.5,14.0,7.9,7.9,21200,25,2390,465,0.09,0.3,6.4,7.5,270000.0,0.87,790,0.5,0.16,0.066,204,11,73000.0,1.0,4480,0.5,37,47
8760,0.08,1.5,67.5,0.3,0.31,2670.0,0.5,13.0,6.8,6.8,18340,28,2050,400,0.1,0.3,6.1,4.8,280000.0,0.95,719,0.6,0.14,0.055,160,14,71000.0,0.5,4570,0.5,34,56
12300,0.2,3.4,38.0,0.5,0.15,3370.0,0.5,20.0,7.1,15.0,21000,33,2600,322,0.05,0.05,11.8,2.4,90000.0,0.74,2040,0.5,0.05,0.224,196,15,24000.0,0.5,3410,0.7,39,52
12010,0.05,3.4,35.3,0.5,0.17,2490.0,0.5,18.0,6.6,14.0,18240,31,2380,286,0.05,0.05,11.4,2.1,100000.0,0.74,1684,0.5,0.09,0.254,133,12,20000.0,0.5,3480,0.6,32,50
10060,0.6,5.8,42.8,0.5,0.15,15190.0,0.5,17.0,5.6,17.0,15300,37,3770,277,0.16,0.2,10.8,14.0,240000.0,0.91,1859,0.2,0.08,0.297,217,29,51000.0,0.5,2260,0.9,26,51
9740,0.05,3.9,42.0,0.5,0.19,15270.0,0.5,16.0,5.4,18.0,14700,36,3820,269,0.08,0.05,12.8,5.1,220000.0,0.94,1760,0.4,0.05,0.314,220,30,42000.0,0.5,2640,0.6,26,50
10740,0.05,4.0,45.9,0.5,0.19,15250.0,0.5,17.0,6.0,18.0,16300,35,3820,293,0.07,0.05,11.9,4.7,230000.0,0.92,2300,0.4,0.04,0.304,294,32,42000.0,0.5,2560,0.6,31,52
19530,0.12,9.0,72.3,0.7,0.27,42500.0,0.5,24.0,7.7,14.0,26100,39,5920,603,0.07,0.05,10.7,28.4,380000.0,1.03,3310,0.8,0.12,0.04,242,80,72000.0,0.5,2730,1.2,35,72
17590,0.18,11.1,65.0,0.6,0.36,40000.0,0.5,22.0,6.8,13.0,23200,39,5610,489,0.08,0.05,9.4,39.8,380000.0,1.1,3400,0.7,0.1,0.042,228,74,62000.0,0.5,2670,1.0,31,67
19440,0.15,9.9,70.7,0.7,0.24,39800.0,0.5,24.0,7.4,13.0,25200,36,6100,602,0.09,0.05,9.8,38.0,390000.0,1.07,3850,0.7,0.07,0.05,288,77,78000.0,0.5,2580,1.0,34,69
15060,0.05,4.0,72.7,0.5,0.2,3840.0,0.5,19.0,5.9,8.0,21600,30,2390,810,0.05,0.6,8.6,2.0,150000.0,0.61,1028,0.3,0.08,0.113,268,13,28000.0,0.5,3830,0.8,43,51
13680,0.1,2.6,75.5,0.4,0.22,3260.0,0.5,17.0,5.6,8.0,20300,25,2090,840,0.05,0.05,9.0,2.4,160000.0,0.73,1023,0.5,0.03,0.111,190,12,24000.0,0.5,3910,0.5,38,54
13940,0.05,2.7,70.4,0.5,0.22,3140.0,0.5,16.0,5.7,8.0,20400,25,2080,785,0.04,0.05,8.0,2.0,160000.0,0.68,960,0.5,0.04,0.163,219,11,24000.0,0.5,4090,0.6,37,51
16370,0.4,1.0,73.2,0.1,0.16,5000.0,0.5,37.0,7.1,3.0,20700,13,5910,602,0.04,0.15,15.7,5.0,190000.0,0.64,2400,0.2,0.15,0.431,368,27,27000.0,0.5,2820,2.5,49,50
15740,0.05,1.3,71.7,0.6,0.0,4410.0,0.5,49.0,11.0,15.0,20200,18,5890,671,0.04,0.05,20.9,3.9,200000.0,0.67,2180,0.4,0.12,0.44,273,31,29000.0,0.5,2900,1.7,42,58
15650,0.2,1.1,66.9,0.6,0.0,4240.0,0.5,43.0,10.9,14.0,20100,19,5800,549,0.05,0.05,19.8,3.0,220000.0,0.73,2100,0.3,0.12,0.443,288,28,19000.0,0.5,3035,1.7,40,55
13010,0.06,0.6,49.7,0.1,0.13,5310.0,0.5,23.0,3.4,2.0,19820,9,3790,303,0.02,0.18,10.2,5.0,140000.0,0.88,894,0.12,0.06,0.068,305,21,27000.0,1.7,3290,1.7,45,28
10150,0.05,1.0,49.7,0.4,0.09,4970.0,0.5,28.0,6.2,11.0,15790,13,3340,258,0.02,0.05,12.1,2.6,150000.0,0.83,1306,0.16,0.07,0.091,278,21,24000.0,0.5,3010,1.7,34,29
9810,0.05,1.0,47.3,0.4,0.05,5290.0,0.5,28.0,6.7,10.0,15460,11,3400,259,0.02,0.05,12.3,2.6,130000.0,0.9,1261,0.16,0.05,0.083,288,22,24000.0,0.5,3070,1.6,33,29
17200,0.09,2.8,64.0,0.1,0.36,8140.0,0.5,20.0,3.7,8.0,23200,17,3870,576,0.07,0.6,10.2,9.7,360000.0,1.23,2140,0.5,0.14,0.083,304,30,53000.0,0.5,3580,2.1,43,70
15090,0.18,2.6,63.0,0.7,0.29,8870.0,0.5,24.0,6.9,16.0,20300,18,3880,590,0.08,0.2,12.4,3.6,330000.0,1.3,2210,0.6,0.1,0.104,359,34,51000.0,0.5,3560,2.1,37,37
16190,0.3,2.6,69.8,0.8,0.26,8830.0,0.5,22.0,6.4,16.0,21500,21,3820,565,0.08,0.2,12.2,6.3,380000.0,1.3,2430,0.6,0.1,0.089,336,37,63000.0,0.5,3630,2.2,38,65
24300,0.2,5.3,105.0,1.0,0.19,8290.0,0.5,39.0,9.8,23.0,25500,26,5980,1072,0.07,0.1,19.2,11.9,360000.0,2.29,6280,0.4,0.13,0.061,218,41,47000.0,0.5,3180,1.8,41,73
23900,0.08,5.1,113.0,0.9,0.17,8070.0,0.5,34.0,9.7,21.0,24800,25,5960,1070,0.06,0.05,19.4,13.4,360000.0,2.28,6160,0.4,0.13,0.059,232,36,54000.0,0.5,3330,1.7,39,77
18100,0.5,2.3,71.7,0.5,0.25,5510.0,0.5,28.0,8.2,16.0,20000,19,4380,337,0.06,0.05,15.4,9.3,270000.0,0.76,1325,0.3,0.13,0.171,201,23,45000.0,0.5,2580,1.5,35,64
17210,0.05,5.0,70.1,0.5,0.18,6170.0,0.5,31.0,8.0,13.0,19200,21,4150,371,0.07,0.1,13.8,11.0,260000.0,0.79,1467,0.4,0.1,0.237,226,27,59000.0,0.5,2450,1.8,36,60
17370,0.1,5.4,68.8,0.5,0.19,6430.0,0.5,31.0,8.0,15.0,19630,21,4200,378,0.05,0.05,13.7,15.0,280000.0,0.83,1507,0.4,0.09,0.13,226,27,53000.0,0.5,2410,1.7,36,59
18530,0.6,2.8,76.1,0.7,0.21,12460.0,0.5,24.0,7.6,19.0,23600,23,6350,403,0.08,0.05,15.6,16.0,240000.0,0.76,3040,0.3,0.14,0.082,190,26,45000.0,0.5,3640,1.4,43,65
16770,0.05,3.5,72.7,0.6,0.18,12440.0,0.5,25.0,7.6,16.0,22200,24,6900,408,0.09,0.05,15.9,5.9,220000.0,0.87,3340,0.4,0.06,0.174,181,29,32000.0,0.5,3470,0.8,39,60
16590,0.08,3.2,70.8,0.6,0.2,10940.0,0.5,24.0,7.4,16.0,21900,22,6290,390,0.07,0.05,15.3,7.5,230000.0,0.82,2950,0.4,0.07,0.185,171,27,37000.0,0.5,3580,1.8,38,60
23700,0.05,3.1,101.0,0.9,0.26,14490.0,0.5,32.0,10.9,31.0,29700,36,8800,935,0.12,0.05,23.2,12.0,440000.0,1.94,7080,0.3,0.17,0.066,147,27,68000.0,0.5,3470,1.6,40,68
31200,0.05,3.7,109.0,1.0,0.25,12520.0,0.5,44.0,12.2,39.0,31100,38,9870,1112,0.15,0.05,25.8,1.1,450000.0,2.09,10550,0.5,0.14,0.197,201,31,58000.0,0.5,3320,0.7,51,74
28300,0.2,3.6,103.0,0.9,0.26,11570.0,0.5,40.0,11.4,36.0,29500,36,9240,1095,0.13,0.1,24.4,10.0,430000.0,2.16,9720,0.5,0.15,0.221,179,32,56000.0,0.5,3220,0.8,46,69
16400,0.4,51.0,69.7,0.7,0.39,12310.0,0.5,25.0,9.5,304.0,33500,107,7310,694,0.12,2.9,20.2,7.1,480000.0,1.06,1914,1.0,0.23,0.075,174,19,88000.0,0.5,3830,2.3,47,255
14310,0.4,13.3,57.0,0.7,0.45,9790.0,0.5,25.0,9.0,438.0,29200,121,6740,724,0.1,1.5,20.7,6.1,480000.0,1.18,1953,0.9,0.24,0.199,159,19,80000.0,0.5,3570,1.3,40,286
13760,0.2,15.3,53.0,0.7,0.32,10770.0,0.5,26.0,9.2,384.0,29600,114,7200,752,0.12,2.2,20.8,7.2,460000.0,1.2,1988,0.8,0.24,0.179,145,18,66000.0,0.5,3840,1.5,41,264
13540,0.17,0.8,102.0,0.4,0.13,3740.0,0.5,25.0,6.5,10.0,15560,23,3080,387,0.0,0.05,10.4,5.0,220000.0,1.55,1698,0.13,0.11,0.162,195,23,31000.0,0.5,2960,0.6,31,62
12880,0.06,1.2,97.7,0.5,0.15,4370.0,0.5,22.0,5.6,4.9,11680,22,3060,377,0.03,0.05,8.9,5.0,250000.0,0.86,1780,0.14,0.14,0.15,136,28,37000.0,0.5,3240,1.3,28,69
12160,0.05,1.2,91.1,0.5,0.16,3930.0,0.5,21.0,5.6,4.2,16330,20,2780,373,0.04,0.05,8.5,5.0,220000.0,0.81,1650,0.1,0.08,0.126,123,31,40000.0,0.5,3050,1.2,27,59
24100,0.16,3.4,74.6,0.6,0.6,5000.0,0.5,12.0,3.3,11.0,13170,35,1644,4160,0.18,0.05,6.1,15.0,400000.0,0.76,1059,0.6,0.13,0.02,32,7,36000.0,0.5,2300,0.8,30,89
10210,0.0,2.5,93.7,0.6,0.7,5120.0,0.5,14.0,3.7,9.0,16080,30,1587,5140,0.18,0.4,6.4,10.0,430000.0,0.71,996,0.8,0.15,0.144,19,7,52000.0,0.5,2330,1.7,33,85
10400,0.05,2.4,86.0,0.5,0.65,4630.0,0.5,13.0,3.5,8.0,15280,28,1513,4660,0.18,0.4,6.0,10.0,430000.0,0.75,990,0.4,0.22,0.138,19,7,53000.0,0.5,2230,1.6,33,81
23600,0.2,1.6,331.0,0.7,0.28,7740.0,0.5,38.0,8.4,23.0,21100,36,5380,389,0.0,0.05,16.3,10.0,350000.0,1.49,3240,0.4,0.24,0.126,630,28,41000.0,0.5,2960,1.4,47,87
24100,0.1,1.6,275.0,0.8,0.38,9310.0,0.5,34.0,8.0,17.0,24400,33,6500,417,0.14,0.05,15.5,10.0,380000.0,1.37,3190,0.4,0.24,0.272,320,27,54000.0,0.5,3080,1.9,45,92
14530,0.2,2.4,83.3,0.6,0.18,5930.0,0.5,20.0,5.8,8.0,18880,24,3740,896,0.06,0.06,8.2,5.0,270000.0,0.91,2000,0.11,0.17,0.02,186,18,40000.0,0.5,2680,0.7,38,49
13780,0.6,2.6,94.6,0.6,0.25,8250.0,0.5,22.0,6.3,6.0,20200,23,4320,912,0.06,0.17,9.8,5.0,280000.0,0.85,2260,0.2,0.15,0.156,207,20,38000.0,1.5,2900,1.3,39,48
14050,0.4,2.6,95.5,0.6,0.22,7560.0,0.5,23.0,6.3,8.0,20400,22,4670,1096,0.07,0.05,9.6,5.0,270000.0,0.88,2280,0.2,0.18,0.147,201,19,45000.0,0.5,2860,1.5,39,48
9480,0.11,0.5,56.0,0.5,0.11,14510.0,0.5,17.0,7.9,7.0,17210,15,6570,387,0.0,0.05,8.6,5.0,110000.0,0.91,1088,0.13,0.09,0.83,449,26,22000.0,0.5,3620,0.7,38,41
12960,0.3,5.8,44.3,0.5,0.16,59100.0,0.5,19.0,5.9,13.0,17860,13,17110,529,0.04,0.05,9.8,3.3,200000.0,0.63,2580,0.3,0.11,0.154,199,190,54000.0,0.5,2470,0.6,26,42
12190,0.12,4.4,45.1,0.5,0.16,30100.0,0.5,17.0,5.6,14.0,14880,18,10700,333,0.04,0.9,11.2,7.0,170000.0,0.55,2290,0.3,0.12,0.035,176,36,65000.0,0.5,2110,1.1,25,43
9470,0.3,2.7,50.9,0.4,0.36,44400.0,0.5,15.0,4.6,16.0,16300,51,11040,594,0.1,0.05,8.1,5.7,240000.0,0.88,1899,0.4,0.21,0.184,170,47,53000.0,0.5,2690,0.8,23,69
21500,0.05,4.8,88.5,0.8,0.38,9680.0,0.5,31.0,8.8,20.0,22800,30,6010,361,0.06,0.05,18.1,0.4,300000.0,0.75,3770,0.5,0.04,0.117,151,22,26000.0,0.5,4710,1.2,41,76
19530,0.2,3.5,73.6,0.6,0.29,14860.0,0.5,37.0,8.3,14.0,24100,18,8860,612,0.05,0.05,13.3,13.6,230000.0,0.71,2760,0.5,0.12,0.22,338,23,26000.0,0.5,3390,1.9,43,67
10010,0.05,2.1,30.0,0.2,0.2,2180.0,0.5,12.0,4.0,5.0,15600,16,1613,275,0.05,0.05,5.8,5.9,130000.0,0.38,788,0.2,0.07,0.15,93,9,35000.0,0.5,3300,0.6,23,45
8640,0.2,2.9,54.2,0.4,0.31,5150.0,0.5,14.0,4.1,13.0,16110,51,2230,566,0.06,0.05,6.9,25.8,290000.0,0.63,674,0.4,0.16,0.117,83,16,49000.0,0.5,3810,0.7,28,83
2960,0.3,6.8,51.8,0.3,1.19,20300.0,0.5,8.0,1.7,21.0,3670,54,3630,293,0.31,0.8,6.1,52.2,1610000.0,1.14,576,3.2,0.03,0.38,144,42,12000.0,0.5,865,1.8,11,114
15400,0.2,12.4,66.1,0.5,0.3,29200.0,0.5,18.0,8.3,64.0,26300,31,11380,1356,0.08,0.6,11.4,16.2,300000.0,0.97,2700,0.3,0.13,0.093,134,27,30000.0,0.5,3270,0.8,28,66
10390,0.15,2.8,128.0,0.3,0.42,50100.0,0.5,14.0,8.2,8.0,24500,15,2540,645,0.07,0.8,5.2,21.2,290000.0,0.81,928,0.3,0.02,0.074,239,18,37000.0,0.5,6610,0.8,46,83
15120,0.05,1.8,77.5,0.6,0.15,7890.0,0.5,24.0,8.2,14.0,19660,12,4140,432,0.09,0.05,12.6,17.0,210000.0,0.78,2910,0.3,0.06,0.237,521,22,31000.0,0.5,3090,0.8,40,52
12060,0.2,5.2,35.6,0.4,0.09,2700.0,0.5,19.0,6.6,13.0,18520,28,2490,284,0.05,0.05,9.3,2.8,100000.0,0.65,1694,0.2,0.08,0.309,173,12,29000.0,0.5,3890,1.4,36,44
18970,0.2,4.5,86.6,0.1,0.22,7090.0,0.5,23.0,4.2,12.0,20900,17,4650,682,0.05,0.3,13.4,15.0,500000.0,2.14,4270,0.2,0.17,0.053,122,29,47000.0,1.9,3210,1.5,33,62
25200,0.05,1.8,283.0,0.8,0.36,9620.0,0.5,35.0,8.1,17.0,24800,38,6780,422,0.15,0.05,15.8,10.0,400000.0,1.46,3480,0.4,0.14,0.251,339,28,52000.0,0.5,3100,1.6,46,91
15740,0.05,2.0,216.0,0.5,0.45,4760.0,0.5,22.0,9.0,10.0,30400,30,3950,1918,0.09,0.05,11.1,5.0,420000.0,1.16,1055,0.4,0.2,0.163,287,22,38000.0,0.5,3290,1.2,48,102
19200,0.05,2.4,94.3,0.5,0.21,12200.0,0.5,27.0,8.8,11.0,21200,18,6470,452,0.07,0.05,10.9,3.9,90000.0,0.83,3200,0.17,0.17,0.16,340,28,71000.0,0.5,3700,0.8,39,54
0,0.0,0.0,0.0,0.0,0.0,0.0,0.0,0.0,0.0,0.0,0,0,0,0,0.0,0.0,0.0,0.0,0.0,0.0,0,0.0,0.0,0.0,0,0,0.0,0.0,0,0.0,0,0
8390,0.2,1.1,33.6,0.2,0.18,17340.0,0.5,33.0,5.7,11.0,11120,9,4210,209,0.05,1.2,18.0,36.6,640000.0,0.57,811,0.4,0.14,0.642,161,62,38000.0,0.5,1780,1.6,24,34
15790,0.09,8.9,76.4,0.5,0.22,6530.0,0.5,38.0,11.2,29.0,20400,21,5520,652,0.0,3.9,21.7,1.0,290000.0,1.01,1060,0.4,0.12,0.401,661,35,38000.0,1.6,3000,7.0,56,55
10460,0.2,1.1,40.1,0.4,0.15,4420.0,0.5,18.0,4.1,22.0,9720,15,2470,107,0.05,0.05,9.4,2.3,350000.0,1.17,1150,0.3,0.06,0.142,483,29,39000.0,0.9,1760,1.6,22,32
12210,0.5,4.4,89.9,0.4,0.81,8340.0,0.5,43.0,7.2,24.0,22900,42,3780,489,0.1,0.3,17.2,30.4,640000.0,0.79,1072,0.65,0.05,0.23,117,31,60000.0,0.5,3100,0.7,50,97
16550,0.05,1.3,82.9,0.2,0.15,6020.0,0.5,35.0,13.5,19.0,26500,17,3980,510,0.02,0.05,28.4,21.0,220000.0,0.85,949,0.14,0.02,0.04,801,22,37000.0,0.5,3860,0.5,103,74
20600,0.05,2.4,113.0,0.5,0.2,6910.0,0.5,48.0,15.5,40.0,25000,19,8180,1139,0.06,0.05,24.6,0.9,190000.0,0.62,2960,0.3,0.09,0.379,345,37,15000.0,1.0,3200,0.6,55,119
17230,0.05,0.9,43.5,0.4,0.06,6770.0,0.5,26.0,10.2,19.0,19510,8,4440,194,0.02,0.05,20.3,0.6,110000.0,0.66,658,0.2,0.02,0.154,1287,25,11000.0,0.5,3910,0.5,74,29
19310,0.05,1.0,45.3,0.3,0.05,7860.0,0.5,29.0,11.7,19.0,22300,8,5040,228,0.02,0.05,21.5,0.8,110000.0,0.64,718,0.3,0.02,0.134,1548,30,16000.0,0.5,2450,0.5,80,31
21300,0.05,1.0,48.5,0.3,0.04,9560.0,0.5,33.0,13.3,18.0,23100,9,6520,274,0.02,0.05,23.4,1.0,100000.0,0.65,859,0.13,0.02,0.162,1983,36,15000.0,0.5,3970,0.6,83,33
7810,0.05,1.6,51.4,0.2,0.1,3740.0,0.5,17.0,4.4,6.0,8650,9,2320,383,0.02,0.05,6.8,0.1,100000.0,0.26,1066,0.11,0.02,0.174,126,23,40000.0,0.5,1470,0.4,16,40
6370,0.05,1.8,51.2,0.2,0.12,3480.0,0.5,15.0,4.3,8.0,8210,10,1992,370,0.02,0.05,6.3,0.1,120000.0,0.27,948,0.12,0.02,0.35,101,19,46000.0,0.5,1480,0.4,17,39
8420,0.05,1.8,53.1,0.3,0.08,4440.0,0.5,21.0,6.2,17.0,10370,12,2900,503,0.03,0.14,9.0,0.1,130000.0,0.32,1287,0.16,0.15,0.28,126,23,47000.0,0.5,1430,0.6,23,54
15810,0.05,2.7,71.7,0.5,0.23,3670.0,0.5,23.0,7.0,9.0,21500,16,3170,743,0.05,0.05,8.0,1.8,170000.0,0.55,1337,0.3,0.02,0.077,220,18,45000.0,0.5,3420,1.0,38,42
26800,0.05,3.1,156.0,0.8,0.41,3880.0,0.5,30.0,8.7,20.0,22500,50,4580,856,0.15,0.18,14.4,21.9,370000.0,1.11,4020,0.5,0.03,0.65,135,22,46000.0,0.5,3660,1.2,48,130
25000,0.05,3.6,144.0,0.7,0.4,3730.0,0.5,27.0,8.6,16.0,20800,49,4040,797,0.14,0.11,13.0,18.7,360000.0,0.98,3840,0.6,0.05,0.55,117,21,51000.0,0.5,3500,1.1,45,102
29200,0.4,2.8,146.0,0.8,0.37,3980.0,0.5,31.0,8.9,17.0,21800,53,4690,796,0.15,0.11,14.0,19.2,370000.0,1.06,4790,0.5,0.04,0.61,141,22,37000.0,0.5,3430,1.3,51,106
13110,0.18,3.8,90.5,0.4,0.18,6630.0,0.5,23.0,5.7,13.0,17510,19,4110,347,0.08,0.17,8.9,27.9,280000.0,1.05,2060,0.2,0.02,0.062,292,16,61000.0,0.5,2560,1.0,32,47
13000,0.3,3.7,91.2,0.4,0.16,6430.0,0.5,24.0,5.8,13.0,17600,19,4080,350,0.07,0.08,8.8,24.9,270000.0,1.03,2140,0.2,0.04,0.061,301,19,68000.0,0.7,2560,1.1,32,47
11590,0.2,4.1,81.4,0.5,0.18,5930.0,0.5,23.0,5.2,11.0,15910,19,3520,303,0.08,0.12,7.8,29.1,270000.0,1.11,1795,0.3,0.11,0.059,258,17,59000.0,0.5,2370,1.2,28,43
7910,0.4,2.7,29.6,0.2,0.22,102000.0,0.5,12.0,3.1,8.0,14000,28,3760,194,0.07,0.05,4.4,19.2,340000.0,0.97,1660,0.09,0.09,0.17,203,124,83000.0,0.5,2420,1.0,17,43
7060,0.3,3.1,26.5,0.3,0.23,108000.0,0.5,11.0,2.8,12.0,13200,33,3930,189,0.08,0.05,4.8,19.1,330000.0,0.93,1660,0.2,0.2,0.18,216,123,86000.0,0.5,2170,1.1,16,45
7800,0.3,2.7,27.0,0.2,0.26,121000.0,0.5,10.0,2.7,18.0,13800,35,4020,197,0.18,0.05,5.0,14.5,360000.0,0.89,1790,0.19,0.19,0.24,226,128,77000.0,0.5,2360,1.2,16,46
18300,0.3,2.3,105.0,0.5,0.18,11800.0,0.5,28.0,9.2,15.0,20200,19,6270,497,0.07,0.05,12.2,3.4,90000.0,0.98,3300,0.09,0.09,0.17,282,27,74000.0,0.5,3240,0.7,36,55
19500,0.15,2.4,110.0,0.5,0.21,11400.0,0.5,29.0,9.9,12.0,21200,19,6690,502,0.11,0.05,12.5,4.0,80000.0,0.79,3370,0.11,0.11,0.1,282,26,78000.0,0.5,3960,0.7,38,60
12260,0.05,1.8,35.6,0.5,0.16,4840.0,0.5,17.0,4.6,7.0,12400,17,2600,387,0.06,0.05,6.9,11.6,170000.0,0.58,1814,0.3,0.17,0.044,157,17,53000.0,0.5,2500,0.5,24,61
12720,0.05,2.1,35.1,0.5,0.21,5140.0,0.5,18.0,4.8,6.0,12870,17,2650,388,0.06,0.05,7.1,13.0,170000.0,0.66,2080,0.3,0.14,0.049,131,17,50000.0,0.5,2120,0.5,25,61
11980,0.05,1.6,34.9,0.5,0.19,4700.0,0.5,20.0,4.8,8.0,12870,17,2650,372,0.06,0.05,7.7,13.7,160000.0,0.61,1850,0.3,0.14,0.062,201,18,41000.0,0.8,2610,0.7,26,57
9050,0.05,1.0,33.2,0.2,0.12,3270.0,0.5,15.0,4.0,6.0,13730,14,2020,181,0.02,0.3,6.3,3.0,160000.0,0.77,890,0.2,0.12,0.116,181,10,55000.0,0.5,3810,0.8,24,35
10280,0.05,1.3,34.9,0.3,0.09,3810.0,0.5,16.0,4.9,5.0,15830,13,2270,225,0.02,0.11,6.0,1.5,710000.0,0.77,1015,0.2,0.09,0.106,279,13,54000.0,0.5,3360,0.9,28,38
9570,0.12,1.2,35.6,0.3,0.11,3730.0,0.5,15.0,4.4,5.0,14600,13,2160,183,0.02,0.05,5.9,3.3,160000.0,0.73,960,0.2,0.12,0.106,205,12,50000.0,0.5,3320,0.7,26,38
8390,0.3,6.7,215.0,0.2,0.42,3440.0,0.5,14.0,6.0,7.0,21300,27,1905,1929,0.09,0.16,5.6,0.1,290000.0,0.76,870,0.6,0.19,0.075,154,17,56000.0,0.5,4100,0.7,35,66
7780,0.2,3.2,106.0,0.2,0.24,2950.0,0.5,19.0,6.4,9.0,21600,19,2280,947,0.07,0.2,6.8,0.1,230000.0,0.77,1030,0.4,0.15,0.092,166,12,56000.0,0.5,4580,0.7,37,47
8130,0.3,3.1,150.0,0.2,0.39,3230.0,0.5,14.0,6.2,8.0,21400,28,1945,1585,0.09,0.18,5.6,1.6,310000.0,0.71,856,0.6,0.21,0.085,166,14,48000.0,0.5,4330,0.8,36,61
18500,0.05,1.1,175.0,0.9,0.27,14540.0,0.5,56.0,16.0,30.0,38200,17,14370,938,0.05,0.05,22.0,1.4,260000.0,1.08,7720,0.4,0.32,0.158,1115,44,75000.0,0.7,3990,1.2,73,113
18200,0.05,0.7,179.0,0.9,0.27,14510.0,0.5,57.0,16.2,29.0,38000,18,14680,968,0.05,0.05,22.7,1.0,240000.0,1.19,8050,0.4,0.29,0.132,1073,44,70000.0,0.5,4280,1.4,74,113
18000,0.05,1.0,179.0,0.9,0.23,13580.0,0.5,67.0,16.6,40.0,38400,17,14220,945,0.04,0.05,27.6,1.8,250000.0,1.13,7910,0.4,0.28,0.133,1075,44,82000.0,0.5,4210,1.3,73,110
16640,0.05,1.0,91.3,0.6,0.14,9640.0,0.5,27.0,9.8,16.0,35100,18,5400,1499,0.05,0.05,14.4,20.9,240000.0,1.07,1610,0.3,0.21,0.044,391,72,55000.0,0.5,4620,1.0,49,68
16720,0.05,0.8,92.3,0.7,0.12,9090.0,0.5,24.0,10.8,16.0,34200,20,4760,1476,0.05,0.3,12.6,12.4,240000.0,1.9,1663,0.3,0.18,0.044,415,67,69000.0,0.5,4680,0.9,49,69
16490,0.05,1.1,93.5,0.7,0.15,9220.0,0.5,23.0,9.6,15.0,34800,20,4740,1490,0.05,0.07,12.2,18.1,260000.0,1.98,1753,0.3,0.15,0.074,411,72,63000.0,0.5,4980,0.8,48,74
11730,0.05,1.2,91.0,0.3,0.33,3920.0,0.5,23.0,7.3,13.0,32600,19,2870,801,0.08,0.05,8.7,0.1,300000.0,1.17,775,0.4,0.22,0.107,281,18,86000.0,0.5,7230,0.4,74,79
12710,0.05,1.1,102.0,0.4,0.38,4390.0,0.5,25.0,8.3,12.0,32600,21,3020,905,0.08,0.05,8.6,0.1,300000.0,1.19,866,0.4,0.17,0.104,300,18,39000.0,0.5,7420,0.4,72,87
11410,0.05,1.4,103.0,0.4,0.38,4850.0,0.5,25.0,9.0,11.0,32700,21,2990,1023,0.08,0.05,8.9,0.2,300000.0,1.12,916,0.4,0.15,0.093,331,19,54000.0,0.5,7350,0.4,78,84
5430,0.05,0.9,21.2,0.1,0.16,2550.0,0.5,8.0,0.2,1.0,7490,18,1190,110,0.03,0.5,5.6,0.5,160000.0,0.46,428,0.2,0.08,0.201,103,16,26000.0,0.5,3440,1.3,9,22
0,0.0,0.0,0.0,0.0,0.0,0.0,0.0,0.0,0.0,0.0,0,0,0,0,0.0,0.0,0.0,0.0,0.0,0.0,0,0.0,0.0,0.0,0,0,0.0,0.0,0,0.0,0,0
16670,0.05,1.0,60.5,0.1,0.13,2440.0,0.5,27.0,4.0,0.9,17190,7,3860,587,0.03,0.18,14.3,5.0,150000.0,0.59,746,0.4,0.15,0.433,126,21,22000.0,0.5,2230,1.9,39,52
24700,0.15,1.8,82.7,0.8,0.23,3480.0,0.5,49.0,14.5,13.0,22500,14,4630,1466,0.11,0.3,22.8,5.0,270000.0,1.03,1636,0.8,0.37,0.776,196,31,32000.0,0.5,2390,2.6,48,75
17870,0.15,1.6,68.4,0.6,0.25,3220.0,0.5,34.0,7.2,7.0,20500,12,3100,772,0.08,0.05,16.7,5.0,220000.0,0.78,1297,0.6,0.25,0.485,149,31,25000.0,0.5,2770,1.9,39,65
9070,0.4,1.3,27.9,0.1,0.15,2560.0,0.5,22.0,0.5,0.1,11110,7,2770,138,0.04,0.3,13.2,5.0,160000.0,0.43,460,0.3,0.13,0.315,112,16,33000.0,1.5,2920,1.8,35,19
10430,0.5,2.0,33.8,0.3,0.15,3220.0,0.5,30.0,4.7,4.0,12150,9,2560,144,0.06,0.05,15.2,5.0,190000.0,0.52,594,0.4,0.06,0.376,164,26,32000.0,0.5,2700,1.6,29,24
11360,0.4,2.0,30.5,0.3,0.14,3520.0,0.5,34.0,5.5,5.0,14040,9,3140,160,0.08,0.05,17.3,5.0,190000.0,0.54,577,0.2,0.06,0.589,173,26,34000.0,0.6,2890,1.7,34,25
24300,0.3,0.5,140.0,0.1,0.1,16630.0,0.5,70.0,12.1,29.0,32900,13,16200,518,0.01,0.05,56.8,10.0,150000.0,0.56,4120,0.11,0.13,0.046,545,35,20000.0,0.5,2770,1.5,70,51
27400,0.2,2.6,132.0,0.8,0.09,16630.0,0.5,86.0,16.6,44.0,37000,15,14850,512,0.02,0.05,56.6,10.0,150000.0,0.62,4340,0.13,0.09,0.161,600,52,18000.0,0.5,2760,1.5,58,56
25900,0.4,2.4,128.0,0.8,0.1,17780.0,0.5,81.0,16.0,50.0,36000,13,14890,489,0.02,0.05,53.0,5.0,140000.0,0.62,4200,0.13,0.08,0.16,623,53,18000.0,0.5,2670,1.5,55,54
14480,0.3,1.8,42.2,0.1,0.19,4660.0,0.5,33.0,4.9,6.0,18920,16,4470,222,0.03,0.05,24.0,10.0,110000.0,0.37,867,0.3,0.05,0.092,194,20,22000.0,0.5,2490,1.4,47,70
14550,0.4,1.8,34.2,0.4,0.1,4920.0,0.5,38.0,8.7,7.0,18940,10,3900,211,0.03,0.05,23.2,5.0,70000.0,0.31,758,0.2,0.08,0.21,218,33,9000.0,0.5,2320,1.3,40,37
13370,0.6,1.6,43.3,0.4,0.25,4910.0,0.5,37.0,8.5,12.0,17870,19,3990,213,0.04,0.05,30.9,10.0,90000.0,0.37,713,0.4,0.09,0.218,204,28,13000.0,0.5,2450,1.3,37,118
8510,0.3,2.2,52.2,0.4,0.16,1539.0,0.5,18.0,7.7,17.0,29200,25,1414,188,0.0,0.05,5.2,30.0,270000.0,0.42,546,0.7,0.11,0.382,135,8,26000.0,0.6,4520,0.5,64,32
7370,0.05,2.2,49.0,0.3,0.17,1434.0,0.5,17.0,6.3,4.0,25600,21,1207,174,0.07,0.05,5.3,30.0,250000.0,0.33,560,0.6,0.15,0.307,135,9,33000.0,0.5,5060,1.2,68,26
11210,0.09,2.4,58.2,0.5,0.23,2170.0,0.5,23.0,13.9,5.0,30100,23,2130,320,0.06,0.05,8.1,35.0,300000.0,0.49,760,0.6,0.18,0.36,229,9,40000.0,0.5,4980,1.4,69,35
10990,0.05,0.4,77.8,0.3,0.07,2490.0,0.5,19.0,3.2,8.0,8510,11,1527,85,0.0,0.12,8.5,5.0,180000.0,0.67,958,0.18,0.1,0.625,109,18,31000.0,1.3,2290,0.8,11,24
14300,0.12,0.8,82.4,0.5,0.12,2540.0,0.5,26.0,3.7,5.0,10480,12,1697,96,0.07,0.17,10.5,5.0,190000.0,1.61,1270,0.15,0.11,0.57,140,22,39000.0,0.5,2800,1.7,18,26
9200,0.05,0.8,59.2,0.3,0.1,2240.0,0.5,19.0,2.9,2.0,7160,8,1212,89,0.06,0.05,7.7,5.0,140000.0,0.45,816,0.05,0.09,0.457,115,19,29000.0,1.8,2320,1.5,14,19
51800,0.17,3.7,85.0,1.8,0.12,1785.0,0.5,45.0,6.7,21.0,57200,38,2580,147,0.2,2.8,12.3,0.5,100000.0,2.2,878,0.9,0.09,0.483,159,14,46000.0,0.5,3340,1.6,57,114
2600,0.3,2.1,33.9,0.1,0.14,666.0,0.5,3.0,1.1,12.0,6980,26,228,107,0.03,0.6,7.0,0.5,130000.0,0.26,280,0.4,0.04,0.479,31,2,19000.0,0.5,4730,1.4,5,20
9620,0.4,3.1,42.1,0.3,0.21,1003.0,0.5,10.0,1.8,17.0,11080,38,497,109,0.06,1.1,5.6,0.6,210000.0,0.7,459,0.8,0.07,0.572,71,7,36000.0,0.5,4600,1.9,14,33
5880,0.17,1.5,41.5,0.2,0.14,1778.0,0.5,16.0,3.7,11.0,10130,22,863,208,0.07,0.2,5.1,28.0,220000.0,0.41,535,0.4,0.13,0.24,66,23,28000.0,0.5,3180,0.5,29,24
7710,0.08,1.9,44.6,0.2,0.13,2370.0,0.5,17.0,4.3,10.0,11880,20,869,144,0.06,0.09,6.7,25.0,210000.0,0.35,644,0.4,0.07,0.358,84,33,30000.0,0.5,3360,1.2,31,24
6530,0.3,2.2,43.0,0.1,0.23,1903.0,0.5,16.0,3.8,10.0,12210,21,748,158,0.06,0.2,5.2,24.0,190000.0,0.32,502,0.5,0.07,0.33,78,24,26000.0,0.5,3250,1.2,28,25
12850,0.2,6.1,51.4,0.3,0.18,2680.0,0.5,29.0,5.2,27.0,17390,35,1933,185,0.0,0.18,29.3,0.9,220000.0,0.38,710,0.5,0.13,0.268,161,26,17000.0,1.0,2960,0.5,39,35
12280,0.3,4.0,32.2,0.2,0.11,2240.0,0.5,28.0,5.5,26.0,16210,19,1824,143,0.06,0.05,20.3,0.5,150000.0,0.31,512,0.6,0.14,0.388,75,23,21000.0,0.5,3580,1.2,37,34
14350,0.2,3.6,40.0,0.2,0.12,3460.0,0.5,30.0,6.0,19.0,16940,21,1927,173,0.06,0.05,19.3,0.6,150000.0,0.29,735,0.6,0.1,0.34,101,37,18000.0,0.5,3200,1.3,42,31
18450,0.06,4.5,122.0,0.5,0.17,11920.0,0.5,60.0,11.8,30.0,24600,46,7980,442,0.11,0.05,32.9,14.0,340000.0,1.0,2880,0.12,0.21,0.135,440,54,50000.0,0.6,2390,0.7,49,89
21000,0.3,6.9,121.0,0.5,0.26,16260.0,0.5,71.0,14.5,52.0,26200,50,9670,469,0.09,0.05,37.1,8.0,370000.0,1.1,3520,0.4,0.12,0.208,476,60,46000.0,0.6,2660,1.7,48,111
20200,0.4,5.7,126.0,0.6,0.3,15960.0,0.5,64.0,13.9,36.0,24200,43,9410,456,0.1,0.05,35.7,91.0,400000.0,1.15,3450,0.5,0.11,0.215,478,62,54000.0,0.5,2440,1.6,48,107
9040,0.06,1.3,40.4,0.2,0.12,15440.0,0.5,32.0,6.2,14.0,11190,8,4540,230,0.0,0.5,18.9,95.0,630000.0,0.6,1034,0.4,0.06,0.805,189,72,48000.0,0.5,2880,0.6,26,39
7850,0.05,1.9,38.3,0.2,0.19,18530.0,0.5,27.0,5.1,13.0,10210,9,4050,190,0.05,0.9,16.0,60.7,750000.0,0.59,994,0.6,0.12,0.441,167,66,49000.0,0.5,1350,1.6,22,35
7900,0.07,1.1,43.7,0.2,0.1,3070.0,0.5,20.0,4.6,10.0,11340,14,2160,258,0.0,0.05,10.3,0.7,150000.0,0.41,920,0.16,0.12,0.182,267,26,27000.0,1.4,1670,0.4,21,24
8500,0.12,1.6,38.5,0.1,0.17,3200.0,0.5,23.0,5.3,16.0,11850,13,2190,269,0.05,0.05,11.0,0.4,160000.0,0.44,900,0.3,0.05,0.262,125,30,22000.0,0.6,1910,1.0,23,27
8840,0.05,1.5,33.6,0.2,0.15,2790.0,0.5,23.0,5.2,8.0,11430,12,2220,206,0.04,0.05,11.7,0.7,140000.0,0.4,842,0.3,0.06,0.25,118,26,22000.0,0.5,1720,1.0,22,23
7900,0.07,1.1,43.7,0.2,0.1,3070.0,0.5,20.0,4.6,10.0,11340,14,2160,258,0.0,0.05,27.9,0.7,150000.0,0.41,920,0.16,0.09,0.182,267,26,27000.0,1.4,2830,0.4,51,24
8500,0.12,1.6,38.5,0.1,0.17,3200.0,0.5,23.0,5.3,16.0,11850,13,2190,269,0.05,0.05,25.9,0.4,160000.0,0.44,900,0.5,0.09,0.262,125,30,22000.0,0.6,2720,1.0,52,27
8840,0.05,1.5,33.6,0.2,0.15,2790.0,0.5,23.0,5.2,8.0,11430,12,2220,206,0.04,0.05,28.2,0.7,140000.0,0.4,842,0.4,0.08,0.25,118,26,22000.0,0.5,2760,1.0,55,23
7860,0.17,2.6,37.3,0.5,0.23,11810.0,0.5,24.0,4.8,28.0,11860,34,3470,192,0.07,0.05,17.8,1.6,380000.0,0.66,803,0.3,0.09,0.34,656,24,53000.0,0.5,1410,0.9,24,50
7120,0.05,3.5,31.1,0.3,0.29,12100.0,0.5,25.0,5.1,19.0,11370,21,2940,182,0.06,0.05,19.1,16.0,370000.0,0.58,581,0.4,0.05,0.322,155,24,71000.0,0.5,1270,1.7,22,50
8660,0.05,3.2,38.3,0.3,0.36,13280.0,0.5,30.0,6.1,23.0,13590,28,3310,224,0.07,0.05,21.8,19.0,330000.0,0.62,750,0.4,0.04,0.384,187,28,70000.0,0.8,1420,1.9,27,62
10060,0.05,0.9,49.9,0.3,0.05,2900.0,0.5,19.0,4.5,9.0,10580,13,1647,325,0.04,0.05,20.2,0.6,100000.0,0.57,472,0.09,0.04,0.473,161,21,16000.0,0.6,2000,0.5,31,16
8150,0.4,1.2,35.4,0.2,0.01,2330.0,0.5,17.0,3.2,9.0,10310,11,1257,172,0.04,0.16,23.1,0.6,90000.0,0.49,467,0.2,0.03,0.551,128,21,18000.0,0.6,1720,0.9,40,13
8460,0.8,0.9,33.4,0.2,0.03,2480.0,0.5,16.0,3.1,3.0,9840,10,1203,188,0.03,0.05,23.6,0.5,90000.0,0.43,473,0.2,0.03,0.435,126,20,16000.0,0.7,2170,1.0,42,12
10060,0.05,0.9,49.9,0.3,0.05,2900.0,0.5,19.0,4.5,9.0,10580,13,1647,325,0.04,0.05,6.6,0.6,100000.0,0.57,472,0.09,0.04,0.473,161,21,16000.0,0.6,2600,0.5,24,16
8150,0.4,1.2,35.4,0.2,0.01,2330.0,0.5,17.0,3.2,9.0,10310,11,1257,172,0.04,0.16,4.7,0.6,90000.0,0.49,467,0.2,0.03,0.551,128,21,18000.0,0.6,2930,0.9,30,13
8460,0.8,0.9,33.4,0.2,0.03,2480.0,0.5,16.0,3.1,3.0,9840,10,1203,188,0.03,0.05,4.4,0.5,90000.0,0.43,473,0.2,0.03,0.435,126,20,16000.0,0.7,2790,1.0,30,12
15230,0.2,8.5,73.8,0.6,0.25,6600.0,0.5,40.0,11.0,47.0,22100,20,5400,683,0.09,4.8,22.0,0.5,320000.0,0.95,991,0.8,0.07,0.422,285,33,39000.0,0.5,3090,11.0,68,59
15340,0.5,7.6,73.4,0.5,0.26,6400.0,0.5,39.0,10.2,37.0,22300,18,5490,659,0.08,4.5,20.6,0.5,280000.0,0.96,1003,0.8,0.06,0.368,261,33,48000.0,0.6,2880,11.0,67,54
4930,0.06,0.6,27.8,0.2,0.06,1247.0,0.5,9.0,1.8,15.0,5880,10,562,71,0.0,0.05,2.2,0.6,60000.0,0.16,345,0.08,0.09,0.537,98,12,12000.0,0.5,2430,0.4,20,14
6350,0.2,1.3,20.4,0.2,0.03,2070.0,0.5,18.0,4.0,16.0,13090,8,1291,100,0.01,0.05,4.6,0.7,40000.0,0.17,462,0.1,0.05,0.907,132,20,10000.0,0.6,2720,1.0,51,19
5660,0.3,1.4,19.0,0.2,0.08,1698.0,0.5,17.0,3.7,10.0,13150,8,1195,89,0.01,0.05,4.8,0.5,40000.0,0.18,408,0.08,0.05,0.732,112,15,9000.0,0.6,3090,1.1,47,18
6960,0.13,0.9,36.3,0.1,0.16,1398.0,0.5,12.0,2.6,15.0,12660,16,823,101,0.0,0.05,3.6,10.0,210000.0,0.26,426,0.4,0.08,0.411,79,13,25000.0,0.5,2380,0.6,28,27
6100,0.3,1.0,22.0,0.2,0.23,1426.0,0.5,14.0,2.4,17.0,11120,20,728,94,0.05,0.6,3.0,13.0,210000.0,0.23,393,0.5,0.15,0.287,52,14,28000.0,0.7,2310,1.1,32,25
4360,0.12,1.2,34.0,0.2,0.18,1137.0,0.5,11.0,2.0,17.0,8240,16,540,72,0.04,0.3,2.5,11.0,190000.0,0.2,314,0.4,0.1,0.161,37,11,29000.0,0.5,2250,1.0,27,23
23800,0.17,4.5,131.0,0.9,0.26,9790.0,0.5,53.0,14.6,32.0,34800,43,9080,695,0.0,0.05,29.3,1.5,260000.0,0.67,4350,0.3,0.09,0.262,443,43,27000.0,0.5,3260,0.9,53,87
24800,0.4,4.4,124.0,0.9,0.37,12090.0,0.5,59.0,16.4,43.0,33400,41,9640,833,0.07,0.3,29.9,0.9,290000.0,0.61,4360,0.5,0.15,0.187,384,48,40000.0,0.5,3310,2.0,58,97
22600,0.6,4.3,120.0,0.8,0.35,12500.0,0.5,49.0,14.7,34.0,30500,39,8870,628,0.08,0.3,27.1,0.7,290000.0,0.64,4260,0.5,0.17,0.185,358,46,34000.0,0.5,3160,2.0,55,94
24200,0.08,2.2,137.0,1.0,0.25,8330.0,0.5,52.0,14.5,26.0,27400,32,8960,618,0.0,0.05,29.9,2.5,420000.0,0.76,4830,0.3,0.1,0.685,410,38,33000.0,0.5,3070,0.9,55,95
31000,0.05,3.4,146.0,1.1,0.23,15480.0,0.5,59.0,15.9,39.0,33700,32,11840,567,0.04,0.05,35.6,3.0,420000.0,0.71,6140,0.3,0.19,0.354,435,36,28000.0,0.5,2810,2.2,58,90
30700,0.05,3.6,153.0,1.1,0.34,9760.0,0.5,57.0,16.3,43.0,34200,36,10170,593,0.04,0.05,35.3,3.0,410000.0,0.72,5410,0.3,0.17,0.514,344,35,39000.0,0.5,3170,2.1,59,102
31100,0.13,1.1,154.0,0.8,0.32,7250.0,0.5,56.0,10.5,34.0,21800,23,6160,199,0.0,0.05,30.4,4.6,370000.0,0.86,2100,0.3,0.13,1.36,294,44,46000.0,0.5,1770,1.8,40,75
16150,0.6,59.0,211.0,0.6,0.83,7290.0,0.5,31.0,17.4,24.0,18690,46,4760,1670,0.09,0.6,19.2,0.5,390000.0,0.76,2450,0.3,0.21,0.34,181,53,103000.0,0.5,2460,0.8,37,111
11690,0.8,66.0,154.0,0.4,0.67,6320.0,0.5,26.0,11.5,30.0,16100,46,3900,880,0.1,0.5,16.2,0.2,370000.0,0.72,1948,0.4,0.15,0.53,154,46,118000.0,0.5,2340,0.8,30,100
32700,0.1,1.0,145.0,0.8,0.46,8260.0,0.5,59.0,10.8,40.0,22900,26,6200,190,0.07,0.05,31.5,4.5,340000.0,0.83,2230,0.4,0.13,1.24,285,42,46000.0,0.5,2970,2.9,42,79
36600,0.05,1.3,156.0,0.9,0.49,7160.0,0.5,63.0,10.4,34.0,21300,26,5520,180,0.08,0.05,31.8,3.5,350000.0,0.93,2090,0.5,0.26,1.43,306,42,48000.0,0.5,3030,3.2,43,80
14920,0.12,1.6,72.8,0.5,17.1,2280.0,0.5,23.0,3.0,20.0,23600,21,2430,235,0.06,0.4,10.6,0.9,210000.0,0.27,900,0.4,0.08,0.172,105,15,24000.0,0.5,2780,1.6,65,49
13760,0.2,1.7,57.4,0.5,0.13,2680.0,0.5,28.0,7.1,12.0,22100,20,2410,240,0.06,0.2,12.7,0.6,200000.0,0.29,878,0.4,0.08,0.267,89,17,28000.0,0.5,2480,1.4,57,39
15270,0.12,1.6,71.9,0.5,0.17,3080.0,0.5,30.0,7.3,48.0,24700,26,2600,254,0.08,0.2,13.0,0.5,260000.0,0.37,1022,0.4,0.13,0.315,98,19,31000.0,0.5,2950,1.3,64,58
9020,0.18,1.7,40.7,0.3,0.14,4220.0,0.5,20.0,4.4,10.0,8920,14,2280,120,0.04,0.16,9.4,0.9,300000.0,0.92,970,0.3,0.06,0.081,174,23,44000.0,0.5,1860,2.7,23,31
8330,0.05,1.1,39.1,0.3,0.16,4010.0,0.5,17.0,4.1,15.0,9110,14,2220,106,0.05,0.12,8.9,1.3,290000.0,0.9,904,0.3,0.06,0.082,157,21,44000.0,0.5,1670,2.7,22,31
13550,0.15,7.9,69.1,0.1,0.4,4270.0,0.5,17.0,10.9,39.0,31800,49,2750,639,0.13,0.5,11.8,1.7,380000.0,0.79,882,0.8,0.09,9.25,675,9,55000.0,0.5,7390,1.4,85,67
13100,0.15,4.2,53.8,0.5,0.34,6870.0,0.5,25.0,13.9,37.0,28600,48,3400,510,0.15,0.2,14.1,0.9,430000.0,0.91,833,1.0,0.11,6.55,852,12,45000.0,0.5,6870,1.9,72,64
11350,0.3,4.0,58.1,0.4,0.37,5790.0,0.5,21.0,22.2,128.0,26800,57,2480,915,0.1,0.4,16.6,2.4,450000.0,0.93,747,0.9,0.09,8.0,720,12,47000.0,0.5,6490,2.1,60,97
3610,0.3,0.2,47.5,0.1,0.22,1215.0,0.5,5.0,0.2,1.0,15070,19,647,234,0.05,0.3,2.3,1.2,220000.0,0.23,396,0.18,0.2,0.171,61,7,26000.0,1.0,4500,1.0,41,24
4410,0.8,1.8,52.5,0.2,0.18,1410.0,0.5,10.0,3.6,17.0,20100,22,706,213,0.05,0.5,4.8,1.0,230000.0,0.29,440,0.4,0.08,0.175,70,10,30000.0,0.5,4690,1.3,41,29
4100,0.2,1.4,42.3,0.2,0.18,1254.0,0.5,9.0,3.2,6.0,17180,21,618,212,0.05,0.6,4.5,10.0,200000.0,0.27,379,0.4,0.1,0.129,55,8,26000.0,0.5,4450,1.3,34,28
13240,0.05,5.5,73.2,0.4,0.28,7310.0,0.5,37.0,8.5,19.0,29000,18,3660,253,0.07,0.05,18.3,1.8,190000.0,0.57,1115,0.2,0.02,0.41,1070,20,13000.0,1.1,3270,1.2,72,59
12820,0.05,4.5,72.2,0.4,0.28,7190.0,0.5,39.0,8.7,21.0,28300,23,3770,254,0.07,0.05,19.7,1.4,210000.0,0.59,1240,0.2,0.02,1.11,1170,20,21000.0,1.0,3390,1.0,71,62
13150,0.05,4.6,69.4,0.4,0.31,7040.0,0.5,36.0,8.0,18.0,28200,18,3520,237,0.07,0.05,17.2,1.3,190000.0,0.57,1084,0.2,0.02,0.731,1086,20,26000.0,0.8,3070,0.9,68,56
38600,0.18,3.2,82.9,0.5,0.16,2460.0,0.5,28.0,7.9,94.0,31600,25,3650,138,0.13,0.7,13.1,9.4,600000.0,0.47,900,1.15,0.02,0.22,298,11,7000.0,0.5,4170,0.7,87,50
22200,0.2,2.8,82.2,0.4,0.3,2480.0,0.5,18.0,7.6,86.0,26000,24,2010,141,0.12,0.6,10.0,4.6,780000.0,0.77,748,0.95,0.02,0.29,557,8,10000.0,0.5,4580,0.5,83,44
24700,0.08,2.8,85.8,0.4,0.27,2970.0,0.5,21.0,7.9,80.0,29000,26,2640,158,0.1,0.5,10.6,4.5,510000.0,0.48,863,0.9,0.02,0.29,575,12,18000.0,0.5,4600,0.5,97,48
28100,0.05,2.3,96.9,0.6,0.2,15180.0,0.5,54.0,17.0,33.0,35000,16,14570,469,0.04,0.05,32.7,1.7,240000.0,0.68,3480,0.17,0.05,0.074,1160,31,12000.0,0.5,5060,1.0,101,62
27900,0.05,2.7,114.0,0.7,0.19,15020.0,0.5,62.0,17.2,36.0,33300,19,15180,502,0.04,0.05,34.1,1.2,270000.0,0.73,3860,0.25,0.08,0.093,1125,34,18000.0,0.6,3720,0.9,81,69
28400,0.05,2.7,106.0,0.6,0.15,15470.0,0.5,63.0,16.8,39.0,33600,18,14950,503,0.04,0.05,33.3,1.4,270000.0,0.75,3740,0.19,0.06,0.138,1204,33,29000.0,0.5,3930,1.1,87,64
7890,0.05,1.0,33.2,0.3,0.06,3550.0,0.5,19.0,5.9,12.0,15770,12,3320,192,0.03,0.15,9.8,23.2,180000.0,0.5,589,0.14,0.02,0.84,192,17,30000.0,0.5,2050,1.0,29,22
9390,0.05,0.7,37.7,0.4,0.05,3200.0,0.5,21.0,6.4,14.0,16020,11,3370,244,0.05,0.18,9.8,3.3,170000.0,0.48,674,0.16,0.02,0.187,166,16,30000.0,0.5,2290,1.2,31,22
8190,0.4,1.0,37.9,0.3,0.06,3420.0,0.5,19.0,5.9,14.0,15210,11,2990,232,0.04,0.14,9.0,4.0,180000.0,0.49,580,0.13,0.03,1.05,182,16,29000.0,0.5,1895,1.3,30,20
14140,0.4,4.4,97.4,0.4,0.93,8730.0,0.5,48.0,7.8,26.0,25400,46,4100,497,0.12,0.4,21.5,23.6,600000.0,0.83,1187,0.55,0.05,0.197,125,34,50000.0,0.5,3010,0.7,56,102
13070,0.4,4.5,95.6,0.4,0.87,9030.0,0.5,46.0,7.6,28.0,26500,45,4050,574,0.13,0.5,18.2,29.9,700000.0,0.84,1124,0.65,0.07,0.25,125,35,66000.0,0.7,2840,0.7,55,106
5950,0.4,1.2,29.4,0.2,0.12,2570.0,0.5,13.0,3.2,8.0,7510,14,1429,159,0.04,0.06,5.4,0.3,130000.0,0.26,541,0.07,0.04,0.33,68,15,31000.0,0.5,1872,0.5,21,27
5830,0.3,1.4,33.3,0.2,0.15,2650.0,0.5,13.0,3.2,10.0,8460,16,1315,223,0.05,0.07,4.3,0.2,140000.0,0.27,518,0.19,0.04,0.29,64,14,38000.0,0.5,2040,0.5,23,32
5500,0.05,1.1,31.5,0.1,0.15,2400.0,0.5,13.0,3.0,8.0,7520,14,1297,178,0.04,0.05,4.5,0.2,120000.0,0.26,479,0.05,0.04,0.29,66,14,28000.0,0.5,2050,0.5,22,26
4540,0.12,1.9,17.5,0.2,0.09,55100.0,0.5,14.2,4.5,9.8,10130,7,8200,231,0.02,0.05,7.8,3.9,70000.0,0.27,631,0.05,0.02,0.024,65,39,24000.0,0.5,1624,0.4,18,18
4050,0.08,2.0,15.2,0.2,0.1,57200.0,0.5,14.2,4.4,8.5,9180,6,8810,205,0.02,0.4,7.4,4.8,50000.0,0.27,644,0.05,0.02,0.029,72,41,16000.0,0.5,1955,0.4,17,17
4440,0.08,2.0,16.2,0.2,0.1,52900.0,0.5,13.2,4.2,8.9,8660,6,8050,219,0.02,0.06,8.8,4.1,80000.0,0.3,601,0.05,0.08,0.037,71,38,16000.0,0.5,2270,0.5,16,17
6380,0.05,15.7,20.0,0.2,0.03,64600.0,0.5,17.0,4.8,10.0,11700,8,15220,178,0.02,0.05,15.8,2.1,30000.0,0.28,840,0.1,0.07,1.06,224,47,27000.0,0.5,1592,0.7,20,20
5670,0.05,8.4,20.6,0.2,0.02,67900.0,0.5,18.0,4.7,10.0,11900,6,16040,177,0.02,0.08,9.6,1.8,20000.0,0.27,850,0.06,0.03,0.57,276,48,22000.0,0.5,1759,0.7,20,16
5540,0.05,9.0,17.3,0.2,0.05,63800.0,0.5,17.0,4.5,9.0,10940,7,15470,171,0.04,0.06,8.9,2.4,10000.0,0.24,652,0.06,0.02,2.03,145,43,28000.0,0.5,1654,0.6,19,16
16260,0.05,9.1,34.0,0.3,0.05,3740.0,0.5,55.0,13.8,25.0,20800,10,6030,257,0.03,0.05,42.7,1.7,50000.0,0.19,826,0.3,0.08,0.57,151,24,21000.0,0.5,2650,0.9,44,34
16280,0.05,10.5,39.2,0.4,0.05,4010.0,0.5,62.0,15.1,30.0,24000,11,6410,285,0.03,0.05,36.5,1.5,40000.0,0.22,966,0.2,0.02,0.58,185,26,30000.0,0.5,2800,0.9,48,35
14260,0.05,9.8,36.4,0.3,0.07,3700.0,0.5,56.0,13.6,30.0,22700,10,6210,260,0.03,0.13,50.5,2.2,50000.0,0.25,836,0.25,0.03,0.64,146,21,35000.0,0.5,2620,0.9,44,34
12130,0.05,5.4,135.0,0.4,0.74,4860.0,0.5,33.0,10.9,26.0,19320,28,3430,1028,0.1,0.05,19.1,1.8,510000.0,0.57,1181,0.5,0.09,0.13,275,22,6000.0,0.5,4720,0.8,76,144
13130,0.18,5.0,141.0,0.3,1.03,7400.0,0.5,29.0,8.6,36.0,17190,40,3220,909,0.14,0.08,17.2,1.9,650000.0,0.64,1552,0.6,0.1,0.238,313,26,12000.0,0.9,3440,0.8,61,145
11400,0.05,4.6,143.0,0.3,1.0,7030.0,0.5,30.0,8.2,28.0,17100,32,3060,952,0.13,0.2,17.6,1.6,650000.0,0.66,1223,0.6,0.09,0.099,208,25,13000.0,0.7,4060,0.8,64,148
12370,0.08,4.5,137.0,0.3,1.0,6160.0,0.5,30.0,12.5,28.0,21600,33,2700,1261,0.1,0.05,19.4,1.8,430000.0,0.75,1518,0.5,0.15,0.068,185,27,7000.0,0.5,5620,0.7,59,178
17710,0.12,4.4,137.0,0.5,1.04,7030.0,0.5,39.0,16.9,49.0,25000,38,4060,1604,0.11,0.05,30.1,1.6,470000.0,0.79,1788,0.6,0.1,0.079,338,37,9000.0,0.9,4880,0.8,70,241
11520,0.1,5.0,183.0,0.4,1.09,11920.0,0.5,27.0,13.2,45.0,17820,60,3120,1839,0.13,0.05,25.3,2.3,830000.0,0.93,1791,0.7,0.13,0.112,198,58,6000.0,0.8,3370,0.5,97,299
14890,0.05,1.5,77.4,0.3,0.11,5440.0,0.5,33.0,13.5,18.0,26000,16,3870,473,0.01,0.05,25.8,18.0,210000.0,0.88,942,0.19,0.02,0.07,681,20,25000.0,0.5,4330,0.5,106,68
14780,0.05,1.4,80.4,0.4,0.11,5080.0,0.5,34.0,13.5,17.0,26200,16,3720,508,0.02,0.05,26.1,17.0,220000.0,0.89,872,0.2,0.02,0.039,630,20,27000.0,0.5,4320,0.4,110,70
8830,0.1,3.0,72.8,0.3,0.16,3080.0,0.5,20.0,5.6,6.0,16220,15,1802,1266,0.05,0.05,6.8,0.2,140000.0,0.58,795,0.2,0.03,0.07,146,23,34000.0,0.5,2620,0.9,39,48
8920,0.12,2.8,74.7,0.2,0.14,3510.0,0.5,22.0,6.0,8.0,18670,17,2010,1226,0.04,0.05,8.5,0.4,170000.0,0.73,778,0.16,0.03,0.054,138,21,41000.0,0.5,2780,0.6,42,53
11650,0.05,2.4,81.6,0.3,0.13,3860.0,0.5,25.0,7.5,7.0,22100,19,2340,1347,0.05,0.05,9.4,0.3,150000.0,0.73,938,0.13,0.03,0.23,201,29,34000.0,0.5,2800,0.9,53,59
5480,0.12,1.2,39.9,0.2,0.12,12000.0,0.5,9.0,2.3,13.0,7530,10,2300,71,0.03,0.06,5.8,9.6,400000.0,0.38,613,0.6,0.02,0.22,81,23,78000.0,0.5,997,1.3,12,18
5590,0.4,1.2,20.2,0.2,0.11,11190.0,0.5,10.0,2.5,16.0,6900,10,2650,70,0.03,0.3,5.7,5.7,400000.0,0.37,588,0.6,0.05,0.23,82,18,75000.0,0.5,901,1.6,13,17
5380,0.4,1.1,37.6,0.2,0.12,10580.0,0.5,10.0,2.5,14.0,7010,8,2430,67,0.03,0.08,4.9,6.4,400000.0,0.4,590,0.6,0.02,0.25,80,18,86000.0,0.5,989,1.6,13,18
10740,0.3,3.0,106.0,0.4,0.13,12060.0,0.5,20.0,4.9,17.0,14230,20,5920,205,0.05,0.07,10.5,9.9,210000.0,0.49,1868,0.3,0.03,0.35,188,35,70000.0,0.5,1470,0.6,27,40
8640,0.3,2.4,109.0,0.3,0.19,10780.0,0.5,19.0,4.6,17.0,11400,26,5530,189,0.05,0.06,10.8,12.0,180000.0,0.52,1627,0.4,0.02,0.23,166,40,64000.0,0.5,1450,0.6,23,62
10220,0.2,5.8,107.0,0.4,0.16,10600.0,0.5,20.0,5.0,16.0,12660,21,6090,216,0.05,0.06,10.6,7.8,210000.0,0.49,1895,0.6,0.03,0.25,173,32,65000.0,0.5,1800,0.6,27,42
9430,0.15,1.8,26.0,0.2,0.06,5180.0,0.5,32.0,7.5,20.0,14660,6,3750,229,0.01,0.05,14.6,5.3,170000.0,0.42,635,0.19,0.02,0.33,173,30,55000.0,0.5,1690,0.6,26,29
7950,0.05,1.9,23.2,0.1,0.04,3700.0,0.5,29.0,6.7,18.0,13160,6,3350,194,0.02,0.05,13.1,7.5,160000.0,0.43,569,0.19,0.02,0.23,133,22,45000.0,0.5,1830,0.6,23,23
8660,0.05,2.0,24.9,0.2,0.1,5140.0,0.5,33.0,7.5,17.0,14110,7,3660,232,0.02,0.05,14.5,6.2,160000.0,0.42,641,0.2,0.02,0.24,164,30,52000.0,0.5,1690,0.6,27,28
14040,0.05,2.2,80.7,0.4,0.07,6470.0,0.5,31.0,8.3,15.0,16190,15,5080,415,0.02,0.05,13.4,1.4,230000.0,0.58,3070,0.19,0.02,0.53,287,34,57000.0,0.5,2110,0.9,35,40
9440,0.05,1.3,54.3,0.3,0.04,5340.0,0.5,25.0,6.9,9.0,12670,11,3880,297,0.01,0.05,10.3,0.9,170000.0,0.6,2130,0.13,0.02,0.67,263,37,52000.0,0.5,1920,1.0,30,32
9610,0.05,1.6,56.7,0.3,0.04,5600.0,0.5,24.0,7.0,10.0,13950,12,3880,299,0.01,0.05,10.8,0.8,140000.0,0.59,2220,0.19,0.02,0.66,277,35,45000.0,0.5,1930,0.9,31,33
4550,0.2,1.0,29.6,0.2,0.08,1199.0,0.5,11.0,2.3,3.0,8280,8,704,182,0.01,0.05,4.0,1.1,100000.0,0.49,440,0.1,0.02,0.183,48,10,15000.0,0.5,1260,0.3,20,29
4880,0.05,1.0,30.0,0.1,0.07,1194.0,0.5,11.0,2.3,4.0,9520,7,720,192,0.01,0.05,3.8,1.3,110000.0,0.48,438,0.13,0.02,0.158,47,11,18000.0,0.5,977,0.4,20,28
5270,0.05,1.1,31.7,0.2,0.07,1321.0,0.5,12.0,2.7,4.0,12370,9,740,218,0.01,0.05,4.3,1.1,90000.0,0.48,463,0.13,0.04,0.191,54,11,16000.0,0.5,977,1.0,25,30
23400,0.05,2.3,120.0,0.6,0.16,7990.0,0.5,60.0,18.2,17.0,28900,20,9350,1140,0.05,0.05,29.3,0.6,160000.0,0.61,3640,0.3,0.06,0.327,430,43,8000.0,1.0,3450,0.8,64,127
20400,0.05,2.0,97.6,0.5,0.13,6680.0,0.5,50.0,15.1,24.0,25400,16,8620,814,0.05,0.05,25.3,0.5,140000.0,0.47,2720,0.3,0.05,0.306,377,37,8000.0,0.7,3300,0.7,53,103
14010,0.05,1.6,41.4,0.3,0.07,2530.0,0.5,17.0,6.0,9.0,14380,11,1840,159,0.04,0.05,9.8,0.5,110000.0,0.33,552,0.4,0.02,0.449,179,17,17000.0,0.6,2120,0.6,37,28
13760,0.12,1.6,42.1,0.4,0.06,2650.0,0.5,17.0,5.6,9.0,14180,11,1842,152,0.05,0.05,9.6,0.7,110000.0,0.34,558,0.4,0.02,0.375,177,18,11000.0,0.6,2330,0.6,39,27
12750,0.05,1.6,39.8,0.3,0.06,1792.0,0.5,16.0,4.9,7.0,14290,12,1545,123,0.04,0.05,8.7,0.5,120000.0,0.36,414,0.4,0.02,0.127,116,10,15000.0,0.5,2240,0.6,35,23
10030,0.15,3.1,143.0,0.4,0.51,5550.0,0.5,14.0,7.9,8.0,26400,19,2610,758,0.08,0.7,5.2,30.5,330000.0,0.82,1157,0.4,0.02,0.091,241,18,35000.0,0.5,5260,0.8,45,84
12480,0.05,1.7,53.6,0.3,0.25,5500.0,0.5,17.0,6.1,6.0,18850,17,2610,453,0.06,0.05,6.8,4.1,240000.0,0.8,938,0.3,0.09,0.036,246,15,42000.0,0.5,3720,0.6,37,58
10660,0.05,1.4,54.6,0.3,0.29,6580.0,0.5,18.0,6.4,7.0,21600,16,2640,550,0.06,0.3,7.7,5.9,190000.0,0.6,936,0.4,0.04,0.039,241,14,42000.0,0.5,3600,0.5,39,53
11840,0.05,1.7,56.9,0.4,0.27,6090.0,0.5,17.0,6.3,6.0,20800,16,2630,587,0.06,0.13,7.7,4.6,190000.0,0.64,939,0.35,0.03,0.046,231,15,28000.0,0.5,3530,0.6,37,55
13870,0.05,1.6,57.5,0.5,0.31,9040.0,0.5,21.0,7.2,9.0,22200,20,3220,754,0.08,0.05,8.0,4.3,210000.0,1.03,1459,0.3,0.05,0.046,318,25,39000.0,0.5,779,0.7,36,59
12340,0.05,4.3,51.9,0.4,0.29,7230.0,0.5,15.0,5.2,10.0,16720,19,2560,703,0.07,0.05,7.1,3.6,280000.0,0.96,1085,0.6,0.04,0.031,188,20,50000.0,0.5,2920,0.9,27,57
12110,0.08,4.0,52.4,0.4,0.25,7200.0,0.5,17.0,5.8,9.0,18440,19,2580,665,0.07,0.3,7.0,3.8,280000.0,0.98,1072,0.3,0.06,0.042,193,19,45000.0,0.5,3150,0.9,29,50
15470,0.5,0.5,81.0,0.5,0.43,6720.0,0.5,23.0,8.3,9.0,29800,31,3770,1480,0.08,0.05,9.6,0.8,220000.0,0.8,1051,0.8,0.06,0.097,166,16,42000.0,0.5,4940,1.2,51,86
15400,0.3,0.3,87.1,0.5,0.48,6620.0,0.5,24.0,8.0,9.0,30600,33,3790,1664,0.08,0.05,9.8,1.0,230000.0,0.87,991,0.8,0.08,0.083,154,16,25000.0,0.5,5580,1.2,52,94
15300,0.5,0.5,79.1,0.5,0.46,6040.0,0.5,21.0,7.7,10.0,29200,33,3500,1530,0.09,0.05,9.4,0.7,240000.0,0.83,895,0.8,0.09,0.094,128,14,49000.0,0.5,5250,1.4,49,89
6800,0.08,2.3,53.7,0.2,0.24,1501.0,0.5,13.0,4.4,7.0,21300,28,1046,428,0.08,0.11,4.2,49.8,310000.0,0.59,546,0.8,0.18,0.082,93,9,60000.0,0.8,5540,0.4,51,33
6870,0.05,2.2,58.4,0.2,0.25,1610.0,0.5,14.0,4.5,7.0,21700,29,1087,509,0.11,0.2,4.0,51.5,330000.0,0.62,567,0.7,0.14,0.184,98,9,77000.0,0.9,4930,0.4,50,35
6580,0.05,2.5,55.7,0.2,0.28,1496.0,0.5,13.0,4.1,7.0,20800,25,1010,385,0.08,0.06,4.0,42.4,320000.0,0.58,555,0.8,0.16,0.153,90,9,64000.0,0.7,5210,0.4,51,30
18230,0.2,1.5,97.1,0.6,0.21,7750.0,0.5,27.0,9.5,15.0,26700,26,4780,385,0.04,0.1,13.2,1.7,140000.0,0.69,2790,0.2,0.03,0.26,290,21,42000.0,0.7,3510,0.8,39,53
16890,0.8,4.7,93.1,0.6,0.16,7170.0,0.5,27.0,9.1,14.0,24800,27,4750,379,0.04,0.05,12.7,2.1,160000.0,0.63,2750,0.5,0.08,0.296,278,21,42000.0,0.5,3240,1.1,41,57
18050,0.4,4.9,101.0,0.6,0.17,7410.0,0.5,28.0,9.4,19.0,25600,26,4860,387,0.03,0.05,13.1,2.7,160000.0,0.66,2760,0.5,0.04,0.393,274,22,44000.0,0.5,4390,1.1,41,59
10340,0.05,5.1,47.0,0.3,0.22,2120.0,0.5,15.0,4.3,5.0,22800,24,1727,972,0.04,0.05,5.1,0.1,110000.0,0.63,606,0.6,0.02,0.113,101,8,24000.0,0.5,3860,0.8,33,54
10710,0.6,5.5,43.6,0.4,0.19,2190.0,0.5,16.0,4.9,5.0,26400,24,1831,929,0.04,0.05,5.4,0.1,110000.0,0.65,639,0.4,0.06,0.125,108,9,19000.0,0.5,4160,0.9,39,59
10400,0.4,6.1,44.1,0.3,0.22,2080.0,0.5,14.0,4.6,5.0,23100,27,1742,896,0.03,0.05,5.3,0.5,120000.0,0.67,591,0.6,0.02,0.107,96,9,29000.0,0.5,3260,0.9,35,56
15660,0.05,1.7,80.7,0.5,0.16,8700.0,0.5,23.0,8.3,13.0,21200,14,4200,444,0.0,0.05,13.8,8.6,210000.0,0.8,3450,0.3,0.11,0.132,469,25,25000.0,0.5,3280,1.9,42,55
15980,0.05,1.8,84.6,0.6,0.16,7760.0,0.5,24.0,8.1,15.0,19800,13,4390,437,0.04,0.05,13.4,5.9,220000.0,0.77,3140,0.4,0.06,0.217,548,23,36000.0,0.5,3210,0.8,40,55
14760,0.05,2.0,35.7,0.5,0.15,38400.0,0.5,18.0,5.9,7.0,18760,13,3700,566,0.03,0.05,7.0,4.0,210000.0,1.07,2870,0.25,0.08,0.081,272,66,34000.0,0.5,3310,0.8,35,35
16730,0.05,2.2,48.6,0.5,0.24,29600.0,0.5,20.0,6.6,9.0,23200,16,4120,871,0.05,0.05,8.1,6.3,180000.0,0.85,3240,0.25,0.02,0.085,246,51,39000.0,0.5,3730,0.7,30,48
11850,0.05,1.9,37.6,0.4,0.17,39100.0,0.5,15.0,4.8,8.0,18070,13,3430,626,0.04,0.05,6.1,3.8,190000.0,0.9,2640,0.19,0.03,0.114,226,60,56000.0,0.5,3620,0.8,25,34
14410,0.2,59.0,239.0,0.5,0.93,9210.0,0.5,29.0,16.4,57.0,18460,57,4420,2000,0.12,0.4,20.3,0.7,460000.0,0.85,2840,0.4,0.15,0.46,182,56,110000.0,0.5,2490,0.8,33,138
11350,0.05,5.1,71.9,0.3,0.13,3650.0,0.5,25.0,9.8,53.0,18560,33,3050,364,0.05,0.05,17.8,0.7,190000.0,0.36,623,0.4,0.03,0.298,135,16,27000.0,0.5,2430,0.5,41,72
11410,0.05,4.8,66.4,3.9,0.1,3490.0,0.5,23.0,10.7,42.0,16920,23,2920,412,0.05,0.05,18.7,0.5,140000.0,0.33,478,0.5,0.04,0.283,144,17,24000.0,0.5,1970,0.5,36,49
10400,0.2,4.6,58.9,4.0,0.14,3280.0,0.5,25.0,10.1,42.0,17770,19,3130,378,0.04,0.05,17.7,0.6,130000.0,0.33,491,0.5,0.03,0.334,130,17,21000.0,0.5,2050,0.6,41,52
13840,0.08,1.7,43.4,0.4,0.06,2130.0,0.5,16.0,5.2,5.0,15430,12,1524,155,0.04,0.05,7.5,0.5,150000.0,0.33,427,0.4,0.02,0.146,140,15,18000.0,0.5,2400,0.7,40,25
10300,0.05,2.0,55.8,0.2,0.07,2240.0,0.5,14.0,4.3,5.0,13720,13,1350,224,0.05,0.18,6.6,0.4,170000.0,0.31,466,0.3,0.02,0.117,116,16,17000.0,0.5,2480,0.6,38,24
13710,0.1,2.0,38.5,0.2,0.03,1898.0,0.5,16.0,4.8,4.0,15400,11,1496,122,0.05,0.08,7.3,0.5,150000.0,0.34,389,0.4,0.02,0.184,132,14,23000.0,0.5,2670,0.6,39,22
4370,0.05,1.2,20.4,0.1,0.04,1392.0,0.5,11.0,2.5,7.0,6820,6,793,77,0.03,0.05,4.1,0.3,120000.0,0.19,315,0.14,0.02,0.136,53,11,22000.0,0.5,1810,0.2,18,9
6600,0.15,1.5,20.0,0.1,0.02,1739.0,0.5,18.0,4.0,6.0,10740,6,1329,77,0.01,0.05,6.9,0.3,90000.0,0.19,414,0.12,0.02,0.365,82,15,14000.0,0.5,2170,0.3,28,11
3600,0.2,0.8,14.5,0.1,0.02,1044.0,0.5,10.0,2.1,3.0,7330,5,642,46,0.01,0.05,3.1,0.3,70000.0,0.14,230,0.05,0.02,0.3,46,10,9000.0,0.5,1720,0.2,18,6
6950,0.4,2.0,27.9,0.1,0.09,3230.0,0.5,17.0,5.5,20.0,11510,11,2590,134,0.01,0.05,11.0,0.5,90000.0,0.35,811,0.11,0.02,0.024,186,17,20000.0,0.5,1540,0.5,20,25
7130,0.08,2.1,27.1,0.1,0.05,3010.0,0.5,18.0,5.6,18.0,12110,11,2590,134,0.01,0.05,11.4,0.4,70000.0,0.35,770,0.12,0.02,0.034,185,17,13000.0,0.5,1600,0.4,20,24
6970,0.05,1.9,27.3,0.1,0.08,2880.0,0.5,17.0,5.4,17.0,11600,11,2510,130,0.01,0.05,10.7,0.5,100000.0,0.39,771,0.08,0.02,0.034,178,16,20000.0,0.5,1540,1.2,19,28
